brand,code,name,hex
Anchor,Anchor 403,Black,#000000
Ariadna,1819,black,#000000
Madeira,2004,Black Brown,#000000
Madeira,2400,Black,#000000
Finca,7,Black,#000000
Anchor,Anchor 134,Sky Blue Ultra Dark,#000040
Madeira,914,Royal Blue VY DK,#00014a
Madeira,913,Royal Blue DK,#000153
Madeira,1009,Navy Blue VY DK,#001520
Madeira,1007,Navy Blue Med DK,#001e30
Anchor,Anchor 862,Fern Green Very Dark,#002a1b
DMC,3808,Turquoise ultra very dark,#004757
CXC,CXC 3808,Turquoise ultra very dark,#004757
DMC,3818,Emerald Green ultra very dark,#004f36
CXC,CXC 3818,Emerald Green ultra very dark,#004f36
DMC,3847,Teal Green dark,#00504d
CXC,CXC 3847,Teal Green dark,#00504d
DMC,3765,Very Dark Peacock Blue,#005879
CXC,CXC 3765,Very Dark Peacock Blue,#005879
Ariadna,1618,blue ultra dark,#005a82
DMC,699,Christmas Green,#005f3d
CXC,CXC 699,Christmas Green,#005f3d
Madeira,1102,Electric Blue DK,#0062be
Ariadna,1668,soiled emerald ultra dark,#006431
Ariadna,1644,marine very dark,#006464
DMC,909,Emerald Green very dark,#006540
CXC,CXC 909,Emerald Green very dark,#006540
DMC,995,Electric Blue dark,#006fbc
CXC,CXC 995,Electric Blue dark,#006fbc
DMC,700,Christmas Green bright,#00703e
CXC,CXC 700,Christmas Green bright,#00703e
DMC,910,Emerald Green dark,#007a4b
CXC,CXC 910,Emerald Green dark,#007a4b
DMC,3843,Electric Blue,#0081c7
CXC,CXC 3843,Electric Blue,#0081c7
DMC,3850,Bright Green dark,#00856b
CXC,CXC 3850,Bright Green dark,#00856b
DMC,911,Emerald Green medium,#008853
CXC,CXC 911,Emerald Green medium,#008853
DMC,3812,Sea Green very dark,#00887c
CXC,CXC 3812,Sea Green very dark,#00887c
DMC,3844,Bright Turquoise dark,#0089b2
CXC,CXC 3844,Bright Turquoise dark,#0089b2
Ariadna,1682,green dark,#008c46
Ariadna,1620A,electric blue dark,#008dd2
DMC,943,Aquamarine medium,#008f79
CXC,CXC 943,Aquamarine medium,#008f79
Ariadna,1662,turquoise green very dark,#009670
DMC,996,Electric Blue medium,#0097e1
CXC,CXC 996,Electric Blue medium,#0097e1
DMC,958,Sea Green dark,#009887
CXC,CXC 958,Sea Green dark,#009887
DMC,3845,Bright Turquoise medium,#009bbe
CXC,CXC 3845,Bright Turquoise medium,#009bbe
DMC,3851,Bright Green light,#009f82
CXC,CXC 3851,Bright Green light,#009f82
Ariadna,1667,soiled emerald dark,#00a064
DMC,3846,Bright Turquoise light,#00afd1
CXC,CXC 3846,Bright Turquoise light,#00afd1
Ariadna,1666,soiled emerald,#00b478
Ariadna,1655,turquoise ultra dark,#00b4c8
Ariadna,1620,blue dark,#00b4d2
Ariadna,1661,turquoise green dark,#00c896
Ariadna,1660,turquoise green,#00dcaa
Ariadna,1653,turquoise dark,#00dcd2
Madeira,1008,Navy Blue DK,#011a29
Madeira,2705,Misty Turquoise Med,#01644b
Anchor,Anchor 149,Navy Blue Medium Dark,#02024f
Ariadna,1678,aquamarine dark,#028200
Sullivans,Sullivans 45053,Black,#030303
Sullivans,Sullivans 45222,Royal Blue Very Dark,#040849
Madeira,1304,Christmas Green Brig,#043f26
Finca,4323,Blue Green very dark,#044d33
Anchor,Anchor 127,Navy Blue Very Dark,#05002a
Madeira,1303,Christmas Green DK,#054c2d
Ariadna,1613,blue ultra dark,#055a96
Finca,4652,Christmas Green,#056517
Madeira,1302,Emerald Green DK,#065b37
Madeira,1301,Emerald Green,#06663d
Madeira,1314,Pistachio Green Ultr,#072500
Anchor,Anchor 152,Navy Blue Ultra Very Dark,#080031
Sullivans,Sullivans 45281,Navy Blue Very Dark,#080219
Ariadna,1612,blue very dark,#0896f9
Ariadna,1654,turquoise very dark,#08cad2
Anchor,Anchor 150,Navy Blue Dark,#09094c
Anchor,Anchor 1089,Electric Blue Medium,#09a5b4
Anchor,Anchor 923,Christmas Green Very Dark,#0a3c01
Madeira,2704,Christmas Green DK,#0a6d31
Sullivans,Sullivans 45224,Navy Blue Dark,#0b092b
Sullivans,Sullivans 45206,Royal Blue Dark,#0b165c
Anchor,Anchor 133,Sky Blue Very Dark,#0b1858
Madeira,1006,Antique Blue VY DK,#0b2838
Madeira,1010,Blue VY DK,#0b3740
Ariadna,1689,green ultra dark,#0b4604
Madeira,1305,Christmas Green Med,#0b6f45
DMC,310,Black,#0c0c0c
CXC,CXC 310,Black,#0c0c0c
Anchor,Anchor 1068,Teal,#0c5360
Sullivans,Sullivans 45243,Pistachio Green Ultra Dark,#0d200d
DMC,3842,Wedgewood dark,#0d3e6b
CXC,CXC 3842,Wedgewood dark,#0d3e6b
Sullivans,Sullivans 45415,Emerald Green Ultra Dark,#0d4016
DMC,991,Aquamarine dark,#0d5850
CXC,CXC 991,Aquamarine dark,#0d5850
DMC,3814,Aquamarine,#0d7163
CXC,CXC 3814,Aquamarine,#0d7163
DMC,701,Christmas Green light,#0d7338
CXC,CXC 701,Christmas Green light,#0d7338
Sullivans,Sullivans 45109,Blue Green Very Dark,#0e1b18
Anchor,Anchor 148,Navy Blue Medium,#0e204b
Finca,3411,Royal Blue very dark,#0e365c
Madeira,2706,Misty Turquoise DK,#0e9472
Cosmo,600,600,#101113
Madeira,904,Cornflower Blue VY D,#112040
Sullivans,Sullivans 45225,Blue Very Dark,#112c65
Anchor,Anchor 1044,Pistachio Green Ultra Very Dark,#112e00
Finca,3405,Royal Blue dark,#11416d
Sullivans,Sullivans 45442,Bright Turquoise Dark,#1182bc
Anchor,Anchor 164,Baby Blue Ultra Very Dark,#12354b
Madeira,1514,Grey Green DK,#123600
Ariadna,1688,green very dark,#126408
Sullivans,Sullivans 45314,Electric Blue Dark,#126dce
Madeira,1713,Blue Black,#131819
Sullivans,Sullivans 45494,Baby Blue Ultra Very Dark,#132755
Sullivans,Sullivans 45054,Navy Blue Medium,#132b4f
Sullivans,Sullivans 45440,Wedgewood Dark,#13376e
Sullivans,Sullivans 45405,Turquoise Ultra Very Dark,#133b4c
DMC,3809,Turquoise very dark,#135c6d
CXC,CXC 3809,Turquoise very dark,#135c6d
Anchor,Anchor 1090,Electric Blue Light,#13bfe0
Madeira,2701,Blue Violet DK,#141635
Sullivans,Sullivans 45375,Antique Blue Very Dark,#142540
Madeira,1705,Sea Foam Green Ultra,#14301f
Cosmo,602,602,#15192e
Madeira,1506,Fern Green VY DK,#151b08
Sullivans,Sullivans 45257,Emerald Green Very Dark,#15621d
Finca,4402,Emerald Green very dark,#156f49
Anchor,Anchor 143,Royal Blue Dark,#162c51
Anchor,Anchor 230,Emerald Green,#163729
Madeira,1706,Blue Grey DK,#163b37
Anchor,Anchor 170,Blue Green Very Dark,#163d48
Madeira,1204,Turquoise Ultra VY D,#164530
Sullivans,Sullivans 45159,Christmas Green,#165b1b
Sullivans,Sullivans 45202,Cornflower Blue Very Dark,#17195d
Madeira,1505,Fern Green Ultra VY,#171f06
Sullivans,Sullivans 45069,Navy Blue,#17204a
Sullivans,Sullivans 45445,Teal Green Dark,#174e46
Sullivans,Sullivans 45060,Pistachio Green Very Dark,#18301b
DMC,3848,Teal Green medium,#186d6a
CXC,CXC 3848,Teal Green medium,#186d6a
Finca,4646,Emerald Green medium,#189065
Madeira,1306,Chartreuse,#18a449
Sullivans,Sullivans 45351,Black Brown,#190a07
Cosmo,669A,669A,#19192c
Anchor,Anchor 879,Sea Foam Green Ultra Very Dark,#193428
Sullivans,Sullivans 45441,Electric Blue,#1a7cd7
Ariadna,1657A,teal green dark,#1a8280
Anchor,Anchor 123,Blue Purple Dark,#1b183a
DMC,939,Navy Blue very dark,#1b1b2c
CXC,CXC 939,Navy Blue very dark,#1b1b2c
Sullivans,Sullivans 45207,Royal Blue,#1b2a74
DMC,890,Pistachio Green ultra dark,#1b3623
CXC,CXC 890,Pistachio Green ultra dark,#1b3623
Anchor,Anchor 878,Sea Foam Green Very Dark,#1b3d30
DMC,824,Blue very dark,#1b3e71
CXC,CXC 824,Blue very dark,#1b3e71
Madeira,1011,Blue DK,#1b4c57
DMC,825,Blue dark,#1b4f86
CXC,CXC 825,Blue dark,#1b4f86
Ariadna,1687,green dark,#1b820a
Finca,4396,Emerald Green light,#1b9d6b
Sullivans,Sullivans 45276,Black Avocado Green,#1c1c11
Cosmo,122,122,#1c2c1b
Sullivans,Sullivans 45269,Grey Green Very Dark,#1c3038
Sullivans,Sullivans 45055,Navy Blue Light,#1c3566
Madeira,1205,Blue Green,#1c3726
Finca,3319,Navy Blue medium,#1c5066
Madeira,1108,Misty Blue DK,#1c635f
Madeira,1109,Misty Blue Med,#1c7a77
Anchor,Anchor 1036,Antique Blue Ultra Very Dark,#1d254c
Madeira,1313,Pistachio Green VY D,#1d3112
Sullivans,Sullivans 45307,Forest Green Very Dark,#1d3b17
Anchor,Anchor 212,Jade Very Dark,#1d3f2a
Sullivans,Sullivans 45226,Blue Dark,#1d407c
Madeira,1107,Wedgewood DK,#1d4149
Anchor,Anchor 410,Electric Blue Dark,#1d58a0
DMC,806,Peacock Blue Dark,#1d6c87
CXC,CXC 806,Peacock Blue Dark,#1d6c87
Madeira,1307,Chartreuse LT,#1dc458
Finca,8083,Black Brown,#1e1108
Ariadna,1626,emerald green dark,#1e1e50
Ariadna,1606,blue violet ultra dark,#1e1e78
Sullivans,Sullivans 45311,Aquamarine Dark,#1e5f49
Madeira,1203,Turquoise VY DK,#1e6045
Anchor,Anchor 236,Pewter Grey Very Dark,#1f1f1f
Cosmo,169,169,#1f203b
Sullivans,Sullivans 45473,Cornflower Blue Medium Dark,#1f2565
Anchor,Anchor 683,Misty Green Ultra Very Dark,#1f2f27
Sullivans,Sullivans 45248,Hunter Green Very Dark,#1f391b
Madeira,1110,Misty Blue Med LT,#1f8a86
Cosmo,603,603,#201823
Madeira,2003,Brown DK,#201b16
DMC,820,Royal Blue very dark,#202063
CXC,CXC 820,Royal Blue very dark,#202063
DMC,823,Navy Blue dark,#20233a
CXC,CXC 823,Navy Blue dark,#20233a
DMC,336,Navy Blue,#202c4f
CXC,CXC 336,Navy Blue,#202c4f
DMC,311,Navy Blue medium,#203050
CXC,CXC 311,Navy Blue medium,#203050
Anchor,Anchor 147,Navy Blue Medium Light,#203056
DMC,803,Baby Blue ultra very dark,#203660
CXC,CXC 803,Baby Blue ultra very dark,#203660
Anchor,Anchor 229,Christmas Green Dark,#204f16
Finca,4485,Pistachio Green very dark,#205f2e
Finca,3327,Navy Blue dark,#213063
Ariadna,1629,navy blue,#213882
Cosmo,537,537,#214331
Sullivans,Sullivans 45406,Turquoise Very Dark,#21576b
Anchor,Anchor 1066,Teal Medium,#216b7a
Anchor,Anchor 246,Pistachio Green Very Dark,#223915
Anchor,Anchor 218,Misty Green Very Dark,#223d2e
Sullivans,Sullivans 45114,Wedgewood Dark,#224e89
Sullivans,Sullivans 45382,Very Dark Peacock Blue,#225485
Madeira,1405,Hunter Green DK,#233117
Sullivans,Sullivans 45342,Hunter Green Dark,#23330f
Madeira,905,Cornflower Blue DK,#23355b
DMC,3750,Antique Blue very dark,#23384f
CXC,CXC 3750,Antique Blue very dark,#23384f
DMC,312,Navy Blue light,#23426f
CXC,CXC 312,Navy Blue light,#23426f
Anchor,Anchor 211,Jade Dark,#234d34
DMC,517,Wedgewood dark,#236391
CXC,CXC 517,Wedgewood dark,#236391
DMC,796,Royal Blue dark,#242b70
CXC,CXC 796,Royal Blue dark,#242b70
Anchor,Anchor 188,Turquoise Dark,#246253
Madeira,1904,Beige Grey Ultra VY,#251e16
Anchor,Anchor 941,Cornflower Blue Medium,#252949
Anchor,Anchor 139,Delft Very Dark,#253156
DMC,895,Hunter Green very dark,#253d25
CXC,CXC 895,Hunter Green very dark,#253d25
DMC,500,Blue Green very dark,#253d36
CXC,CXC 500,Blue Green very dark,#253d36
DMC,319,Pistachio Green very dark,#25402c
CXC,CXC 319,Pistachio Green very dark,#25402c
Cosmo,121,121,#254628
DMC,986,Forest Green very dark,#25502c
CXC,CXC 986,Forest Green very dark,#25502c
Sullivans,Sullivans 45443,Bright Turquoise Medium,#25a9d8
Sullivans,Sullivans 45397,Pewter Grey Very Dark,#262724
Cosmo,538,538,#26362c
Anchor,Anchor 189,Turquoise Very Dark,#26443c
Anchor,Anchor 162,Baby Blue Very Dark,#265673
Finca,3822,Electric Blue dark,#2696b6
Sullivans,Sullivans 45273,Antique Blue Dark,#273949
Sullivans,Sullivans 45127,Jade Very Dark,#274e3e
Ariadna,1674,soiled green dark,#27502e
Sullivans,Sullivans 45258,Emerald Green Dark,#27772f
Sullivans,Sullivans 45448,Bright Green Dark,#278654
Sullivans,Sullivans 45469,Grape Very Dark,#28041b
Cosmo,2030,2030,#281f24
Sullivans,Sullivans 45428,Brown Grey Very Dark,#282117
Madeira,1810,Shell Grey Ultra VY,#282220
Finca,2720,,#282448
Ariadna,1627,emerald green very dark,#28285a
Cosmo,168,168,#282b54
Anchor,Anchor 269,Avocado Green Very Dark,#282e0f
Cosmo,4905,4905,#284d2c
Sullivans,Sullivans 45160,Christmas Green Bright,#287326
Sullivans,Sullivans 45409,Sea Green Very Dark,#288e70
Madeira,1507,Fern Green DK,#29290b
Sullivans,Sullivans 45277,Avocado Green Dark,#292c1a
Madeira,1811,Beaver Grey DK,#292f27
DMC,797,Royal Blue,#293a7c
CXC,CXC 797,Royal Blue,#293a7c
DMC,924,Grey Green very dark,#294247
CXC,CXC 924,Grey Green very dark,#294247
DMC,561,Jade very dark,#295544
CXC,CXC 561,Jade very dark,#295544
Madeira,1114,Turquoise Med DK,#29856c
Anchor,Anchor 1041,Beaver Grey Ultra Dark,#2a2824
Cosmo,667A,667A,#2a2a53
Ariadna,1630,navy blue ultra dark,#2a2d50
Sullivans,Sullivans 45203,Cornflower Blue Dark,#2a3586
Cosmo,338,338,#2a6337
Anchor,Anchor 178,Cornflower Blue Very D,#2b1d53
Cosmo,312,312,#2b2320
DMC,3371,Black Brown,#2b2421
CXC,CXC 3371,Black Brown,#2b2421
Cosmo,984,984,#2b4a53
Madeira,1005,Antique Blue DK,#2c4552
Anchor,Anchor 142,Royal Blue Medium,#2c4a7c
Anchor,Anchor 228,Christmas Green Medium,#2c5d22
DMC,505,Jade Green,#2c6142
CXC,CXC 505,Jade Green,#2c6142
Cosmo,902,902,#2c675d
Madeira,2505,Wedgewood VY DK,#2c6779
DMC,3760,Wedgewood (806),#2c6f99
CXC,CXC 3760,Wedgewood (806),#2c6f99
Anchor,Anchor 1076,Jade,#2c897b
Ariadna,1786,black browne,#2d1a09
Cosmo,218,218,#2d2f5e
Cosmo,927,927,#2d301b
Anchor,Anchor 922,Antique Blue Dark,#2d313b
Cosmo,216,216,#2d3880
Anchor,Anchor 979,Blue Very Dark,#2d3a4b
Sullivans,Sullivans 45253,Parrot Green Very Dark,#2d4714
Anchor,Anchor 169,Blue Green Dark,#2d4f59
Sullivans,Sullivans 45208,Delft Blue Dark,#2d5095
Cosmo,320,320,#2d5333
Finca,4368,,#2d6153
Madeira,1206,Jade DK,#2d6444
DMC,791,Cornflower Blue very dark,#2e2960
CXC,CXC 791,Cornflower Blue very dark,#2e2960
Cosmo,601,601,#2e2a31
Anchor,Anchor 846,Khaki Green Dark,#2e2b1a
Madeira,1508,Fern Green Med,#2e2e17
Cosmo,668,668,#2e2f52
DMC,934,Black Avocado Green,#2e3425
CXC,CXC 934,Black Avocado Green,#2e3425
Cosmo,167,167,#2e4277
Anchor,Anchor 217,Misty Green Dark,#2e4c3c
Sullivans,Sullivans 45490,Jade Green,#2e5d38
Madeira,2006,Tan Ultra VY DK,#2f1c05
Anchor,Anchor 263,Loden Green Dark,#2f3720
Madeira,1712,Dusty Blue DK,#2f3c3f
Cosmo,637,637,#2f3f23
Madeira,912,Royal Blue Med,#2f4c6b
Anchor,Anchor 210,Jade Medium Dark,#2f583f
Cosmo,2536A,2536A,#2f5a44
Cosmo,376,376,#2f5c83
Sullivans,Sullivans 45411,Aquamarine,#2f7863
Sullivans,Sullivans 45280,Coffee Brown Ultra Dark,#30100c
Anchor,Anchor 382,Black Brown Very Dark,#301400
Anchor,Anchor 273,Beaver Grey Very Dark,#302d28
DMC,158,Cornflower Blue medium,#303065
CXC,CXC 158,Cornflower Blue medium,#303065
DMC,3799,Pewter Grey very dark,#303438
CXC,CXC 3799,Pewter Grey very dark,#303438
Anchor,Anchor 1035,Antique Blue Very Dark,#303546
Madeira,1601,Laurel Green DK,#303a28
DMC,930,Antique Blue dark,#30465a
CXC,CXC 930,Antique Blue dark,#30465a
Cosmo,846,846,#306753
DMC,826,Blue medium,#306ba1
CXC,CXC 826,Blue medium,#306ba1
Sullivans,Sullivans 45446,Teal Green Medium,#30736a
Madeira,1214,Leaf Green VY DK,#308652
Sullivans,Sullivans 45282,Aquamarine Medium,#30956c
DMC,912,Emerald Green light,#309c66
CXC,CXC 912,Emerald Green light,#309c66
DMC,959,Sea Green medium,#30ad9d
CXC,CXC 959,Sea Green medium,#30ad9d
Finca,3810,Electric Blue medium,#30c2ec
Anchor,Anchor 102,Lavender Ultra Very Dark,#310331
Cosmo,4792,4792,#31336d
Madeira,1404,Hunter Green VY DK,#31461f
Madeira,1413,Forest Green VY DK,#314a00
Ariadna,1714,olive green ultra dark,#315025
Cosmo,276,276,#31743d
Ariadna,1701,parrot green ultra dark,#318229
Sullivans,Sullivans 45323,Mocha Brown Very Dark,#321b11
Sullivans,Sullivans 45066,Blue Violet Very Dark,#322984
Cosmo,156,156,#323133
Sullivans,Sullivans 45089,Pewter Grey Dark,#323737
Cosmo,2016,2016,#324227
Cosmo,636,636,#324324
Cosmo,2120,2120,#325930
Cosmo,329,329,#326132
Cosmo,2024,2024,#326683
Ariadna,1642,sea green,#329b91
Sullivans,Sullivans 45236,Beige Brown Very Dark,#331a14
Madeira,2005,Chocolate,#331d04
Anchor,Anchor 851,Grey Blue Ultra Very Dark,#334051
Madeira,1406,Hunter Green Med,#33421b
Cosmo,735,735,#334768
Cosmo,415A,415A,#3365b1
Ariadna,1664A,jade dark,#338c68
Madeira,903,Blue Violet Med,#340e53
Cosmo,926,926,#344223
DMC,3345,Hunter Green dark,#344a25
CXC,CXC 3345,Hunter Green dark,#344a25
Sullivans,Sullivans 45110,Blue Green Dark,#344d46
Anchor,Anchor 245,Pistachio Green Dark,#344e24
Anchor,Anchor 877,Sea Foam Green Dark,#345b4a
DMC,904,Parrot Green very dark,#345f25
CXC,CXC 904,Parrot Green very dark,#345f25
Madeira,2507,Misty Green DK,#347a72
DMC,3810,Turquoise dark,#347b8c
CXC,CXC 3810,Turquoise dark,#347b8c
DMC,702,Kelly Green,#34853e
CXC,CXC 702,Kelly Green,#34853e
Cosmo,247,247,#351d21
Anchor,Anchor 905,Brown Grey Dark,#35271b
Anchor,Anchor 401,Shell Grey Very Dark,#352c2a
Cosmo,557,557,#352e56
Cosmo,665,665,#353a7d
Sullivans,Sullivans 45117,Fern Green Dark,#35442e
Cosmo,254,254,#35588f
Ariadna,1643,sea blue dark,#358c8c
Anchor,Anchor 72,Dusty Plum Ultra Very Dark,#36011e
Anchor,Anchor 381,Black Brown Dark,#361a06
Anchor,Anchor 1050,Mocha Brown Dark,#361f0c
Madeira,1905,Beige Grey VY DK,#362d25
Sullivans,Sullivans 45241,Beaver Grey Ultra Dark,#362f2a
Cosmo,478,478,#36313c
Sullivans,Sullivans 45278,Avocado Green Very Dark,#36371a
Cosmo,687,687,#36381e
DMC,935,Avocado Green dark,#363d2c
CXC,CXC 935,Avocado Green dark,#363d2c
Cosmo,2167,2167,#363d64
Madeira,1812,Beaver Grey Med,#363e36
Anchor,Anchor 132,Sky Blue Dark,#363e67
Madeira,906,Cornflower Blue Med,#36476c
Cosmo,166,166,#365186
Madeira,1704,Sea Foam Green DK,#365341
DMC,501,Blue Green dark,#36544a
CXC,CXC 501,Blue Green dark,#36544a
Finca,3670,Turquoise ultra very dark,#366970
Cosmo,900,900,#367b6e
Anchor,Anchor 187,Turquoise Medium,#368b78
DMC,992,Aquamarine medium,#369380
CXC,CXC 992,Aquamarine medium,#369380
Sullivans,Sullivans 45123,Violet Very Dark,#37073f
Ariadna,1782,golden brown ultra dark,#372720
Anchor,Anchor 681,Green Grey,#37361f
Anchor,Anchor 940,Delft Dark,#373d63
Ariadna,1624,cornflower blue dark,#3764b1
Cosmo,2319,2319,#376541
Cosmo,275,275,#377e3e
DMC,154,Grape very dark,#38172b
CXC,CXC 154,Grape very dark,#38172b
Madeira,1809,Shell Grey VY DK,#38302e
Cosmo,895,895,#383633
DMC,3815,Celadon Green dark,#386a57
CXC,CXC 3815,Celadon Green dark,#386a57
Sullivans,Sullivans 45259,Emerald Green Medium,#389346
Ariadna,1658,sea green,#38c896
Anchor,Anchor 861,Fern Green Dark,#394131
Cosmo,635A,635A,#395029
Finca,4231,Blue Green dark,#396f52
Sullivans,Sullivans 45161,Christmas Green Light,#39822c
Sullivans,Sullivans 45249,Coffee Brown Very Dark,#3a150d
Anchor,Anchor 177,Cornflower Blue Dark,#3a2d61
Finca,2711,,#3a3365
Anchor,Anchor 400,Pewter Grey Dark,#3a3a3a
DMC,792,Cornflower Blue dark,#3a3e82
CXC,CXC 792,Cornflower Blue dark,#3a3e82
DMC,520,Fern Green dark,#3a4734
CXC,CXC 520,Fern Green dark,#3a4734
Anchor,Anchor 216,Misty Green Medium,#3a5d40
Cosmo,2027,2027,#3a67b4
Madeira,1012,Blue Med,#3a7380
Anchor,Anchor 227,Christmas Green,#3a742d
DMC,562,Jade medium,#3a7c5a
CXC,CXC 562,Jade medium,#3a7c5a
Madeira,1202,Turquoise DK,#3a8062
Cosmo,477,477,#3b2e37
Sullivans,Sullivans 45331,Green Grey Dark,#3b3e1c
Cosmo,2214,2214,#3b54a1
Ariadna,1638A,antique blue very dark,#3b618c
Cosmo,328,328,#3b6c36
Sullivans,Sullivans 45380,Wedgewood,#3b71a1
Finca,3494,Wedgewood dark,#3b768f
Ariadna,1625,cornflower blue very dark,#3c3c8f
Cosmo,2664,2664,#3c438a
Madeira,1602,Laurel Green Med,#3c4b2e
Sullivans,Sullivans 45308,Forest Green Dark,#3c552c
Ariadna,1638,antique blue ultra dark,#3c5a6e
Madeira,1004,Antique Blue Med,#3c5c6e
Cosmo,983,983,#3c5e6a
Ariadna,1672,turquoise ultra very dark,#3c643c
Sullivans,Sullivans 45407,Turquoise Dark,#3c798e
Cosmo,845,845,#3c7e61
Madeira,1914,Beige Brown Ultra VY,#3d2518
DMC,938,Coffee Brown ultra dark,#3d2923
CXC,CXC 938,Coffee Brown ultra dark,#3d2923
DMC,844,Beaver Grey ultra dark,#3d3d36
CXC,CXC 844,Beaver Grey ultra dark,#3d3d36
DMC,413,Pewter Grey dark,#3d4247
CXC,CXC 413,Pewter Grey dark,#3d4247
Sullivans,Sullivans 45404,Cornflower Blue,#3d4687
Sullivans,Sullivans 45080,Pistachio Green Dark,#3d5f3a
DMC,798,Delft Blue dark,#3d5fa3
CXC,CXC 798,Delft Blue dark,#3d5fa3
DMC,905,Parrot Green dark,#3d7123
CXC,CXC 905,Parrot Green dark,#3d7123
Cosmo,375,375,#3d748c
DMC,518,Wedgewood light,#3d84a4
CXC,CXC 518,Wedgewood light,#3d84a4
Finca,4074,Aquamarine medium,#3d9384
Finca,3574,Peacock Blue dark,#3d95a5
Cosmo,2029,2029,#3e3a4e
Madeira,1312,Pistachio Green DK,#3e5531
Finca,4741,,#3e6236
Cosmo,2019,2019,#3e637e
Sullivans,Sullivans 45254,Parrot Green Dark,#3e6515
Sullivans,Sullivans 45412,Celadon Green Dark,#3e6a4e
Cosmo,414A,414A,#3e79c1
Finca,4059,Sea Green dark,#3eb6a1
Anchor,Anchor 122,Blue Purple Medium,#3f3d5a
Madeira,1714,Steel Grey DK,#3f3f41
Madeira,1504,Avocado Green Med,#3f4a09
Sullivans,Sullivans 45279,Avocado Green Medium,#3f4c17
Sullivans,Sullivans 45227,Blue Medium,#3f6aa5
Finca,4643,Christmas Green light,#3f8f29
Madeira,1213,Leaf Green DK,#3fa468
Cosmo,2311,2311,#40271e
Cosmo,556,556,#403b71
Anchor,Anchor 8581,Beaver Grey Medium,#403e3a
Sullivans,Sullivans 45384,Grey Green Dark,#404e58
DMC,367,Pistachio Green dark,#406647
CXC,CXC 367,Pistachio Green dark,#406647
DMC,322,Baby Blue dark,#40669b
CXC,CXC 322,Baby Blue dark,#40669b
Cosmo,274,274,#40873d
Ariadna,1617,blue very dark,#408bb6
Sullivans,Sullivans 45393,Mocha Brown Dark,#412b1f
Sullivans,Sullivans 45121,Ash Grey Very Light,#413f3e
Anchor,Anchor 268,Avocado Green Dark,#414c1b
Ariadna,1649,gray green ultra dark,#414d50
Ariadna,1636,steel grey dark,#41505d
Anchor,Anchor 779,Grey Blue Very Dark,#415268
Cosmo,120,120,#416e36
Cosmo,337,337,#418751
Ariadna,1700,parrot green very dark,#41b430
Madeira,714,Violet VY DK,#421335
Anchor,Anchor 112,Lavender Very Dark,#421f4e
Anchor,Anchor 380,Black Brown Medium Dark,#42220a
Cosmo,4311,4311,#422520
Anchor,Anchor 873,Antique Violet Dark,#422539
Anchor,Anchor 906,Hazelnut Brown Dark,#422c14
Cosmo,766,766,#422d47
DMC,3031,Mocha Brown very dark,#422e25
CXC,CXC 3031,Mocha Brown very dark,#422e25
Madeira,1614,Sage Green DK,#423d11
Finca,8756,Pewter Grey very dark,#424242
DMC,936,Avocado Green very dark,#424423
CXC,CXC 936,Avocado Green very dark,#424423
DMC,3362,Pine Green dark,#424a33
CXC,CXC 3362,Pine Green dark,#424a33
Madeira,1412,Forest Green DK,#425102
Ariadna,1707,khaki green very dark,#42521a
Anchor,Anchor 146,Navy Blue Light,#425580
DMC,3768,Grey Green dark,#425b61
CXC,CXC 3768,Grey Green dark,#425b61
Madeira,911,Delft DK,#42648a
DMC,987,Forest Green dark,#42663a
CXC,CXC 987,Forest Green dark,#42663a
Sullivans,Sullivans 45478,Celadon Green Medium,#426b57
Sullivans,Sullivans 45315,Electric Blue Medium,#42a4eb
Sullivans,Sullivans 45435,Lavender Ultra Dark,#432076
Sullivans,Sullivans 45348,Pine Green Dark,#434d32
Cosmo,634,634,#435e2e
Sullivans,Sullivans 45237,Beige Brown Dark,#44291f
Anchor,Anchor 845,Khaki Green Medium Dark,#443e24
Cosmo,718,718,#443e2b
DMC,163,Celadon Green medium,#44715b
CXC,CXC 163,Celadon Green medium,#44715b
DMC,3849,Teal Green light,#44918d
CXC,CXC 3849,Teal Green light,#44918d
Sullivans,Sullivans 45065,Violet,#45204f
DMC,838,Beige Brown very dark,#453029
CXC,CXC 838,Beige Brown very dark,#453029
Anchor,Anchor 1040,Beaver Grey Dark,#45423f
Cosmo,155,155,#45454b
Anchor,Anchor 258,Forest Green Very Dark,#454f01
Finca,3151,Antique Blue dark,#455c71
Sullivans,Sullivans 45436,Lavender Blue Dark,#455da8
Cosmo,319,319,#45754a
Cosmo,566,566,#457a88
Anchor,Anchor 1074,Jade Medium,#45a89a
Sullivans,Sullivans 45444,Bright Turquoise Light,#45c7eb
Ariadna,1733,hazelnut ultra dark,#461e0a
Ariadna,1794,chocolate,#46321e
DMC,3021,Brown Grey very dark,#46382e
CXC,CXC 3021,Brown Grey very dark,#46382e
Sullivans,Sullivans 45395,Brown Grey Dark,#464331
Finca,3324,Cornflower Blue very dark,#464563
DMC,3051,Green Grey dark,#464d2e
CXC,CXC 3051,Green Grey dark,#464d2e
Anchor,Anchor 137,Delft Medium Dark,#465380
DMC,937,Avocado Green medium,#465429
CXC,CXC 937,Avocado Green medium,#465429
Madeira,1707,Blue Grey Med,#465653
Anchor,Anchor 978,Blue Dark,#46576b
Cosmo,734,734,#465f80
Ariadna,1648,gray green dark,#466364
Ariadna,1694,avocado green dark,#466432
Cosmo,536A,536A,#466457
Ariadna,1628,royal blue,#466acc
Cosmo,2023,2023,#469fc6
Ariadna,1589,violet ultra dark,#471173
DMC,550,Violet very dark,#47184b
CXC,CXC 550,Violet very dark,#47184b
Cosmo,369,369,#474333
Madeira,1608,Green DK,#474500
Cosmo,2041,2041,#474639
DMC,3807,Cornflower Blue,#47548f
CXC,CXC 3807,Cornflower Blue,#47548f
Anchor,Anchor 244,Pistachio Green Medium,#475c3b
Cosmo,287A,287A,#482a67
DMC,9,Very Dark Cocoa,#483837
CXC,CXC 09,Very Dark Cocoa,#483837
Anchor,Anchor 856,Yellow Green Medium,#484020
Anchor,Anchor 235,Pewter Grey,#484848
Sullivans,Sullivans 45373,Blue Violet Dark,#4849a1
Sullivans,Sullivans 45104,Avocado Green,#484a1d
Sullivans,Sullivans 45058,Pewter Grey,#484c56
Cosmo,925,925,#485930
Madeira,1003,Antique Blue,#486f84
Sullivans,Sullivans 45115,Wedgewood Light,#4883a7
Finca,3664,Turquoise dark,#488e9a
Anchor,Anchor 70,Dusty Plum Very Dark,#490029
Finca,8080,Coffee Brown very dark,#492a13
Sullivans,Sullivans 45174,Olive Green Very Dark,#493b0d
DMC,29,Eggplant,#493c5e
CXC,CXC 29,Eggplant,#493c5e
Anchor,Anchor 924,Yellow Green Very Dark,#493f0d
Anchor,Anchor 262,Laurel Green Dark,#495136
Sullivans,Sullivans 45476,Grey Blue,#49527a
Cosmo,526,526,#4966b1
Madeira,1703,Sea Foam Green Med,#496d57
Sullivans,Sullivans 45211,Coffee Brown Dark,#4a1e10
Madeira,2007,Tan VY DK,#4a2c09
DMC,898,Coffee Brown very dark,#4a2e23
CXC,CXC 898,Coffee Brown very dark,#4a2e23
Cosmo,370,370,#4a3e24
Cosmo,686,686,#4a4c26
Cosmo,676,676,#4a4f2b
Sullivans,Sullivans 45343,Hunter Green,#4a5825
DMC,3838,Lavender Blue dark,#4a5ca6
CXC,CXC 3838,Lavender Blue dark,#4a5ca6
Sullivans,Sullivans 45063,Baby Blue Dark,#4a6ca1
DMC,334,Baby Blue medium,#4a75a6
CXC,CXC 334,Baby Blue medium,#4a75a6
Anchor,Anchor 239,Chartreuse Very Dark,#4a8626
Ariadna,1774,desert sand ultra dark,#4b1414
Anchor,Anchor 101,Violet Very Dark,#4b143b
Madeira,1613,Sage Green Med,#4b460d
Ariadna,1800,brown grey very dark,#4b461e
DMC,535,Ash Grey very light,#4b4b46
CXC,CXC 535,Ash Grey very light,#4b4b46
Sullivans,Sullivans 45255,Parrot Green Medium,#4b7e16
Sullivans,Sullivans 45128,Jade Medium,#4b8256
Madeira,2506,Misty Green Bright,#4b8895
Anchor,Anchor 1072,Jade Medium Light,#4baf87
Anchor,Anchor 360,Black Brown Medium,#4c270c
Anchor,Anchor 281,Yellow Green Dark,#4c4416
Finca,4823,Avocado Green very dark,#4c5826
Cosmo,327,327,#4c8738
Madeira,1207,Jade Med,#4c9a6b
Sullivans,Sullivans 45048,Mahogany Very Dark,#4d110b
Cosmo,286,286,#4d2a68
Anchor,Anchor 904,Brown Grey Medium,#4d3927
Sullivans,Sullivans 45131,Moss Green Dark,#4d5315
Madeira,1503,Avocado Green Med LT,#4d5815
Madeira,1513,Grey Green Med,#4d5848
DMC,3346,Hunter Green,#4d6130
CXC,CXC 3346,Hunter Green,#4d6130
Sullivans,Sullivans 45274,Antique Blue Medium,#4d6786
Ariadna,1671A,jade very dark,#4d897c
DMC,597,Turquoise,#4d929f
CXC,CXC 597,Turquoise,#4d929f
Sullivans,Sullivans 45162,Kelly Green,#4d9336
Cosmo,273,273,#4d983e
Cosmo,899,899,#4d9d8b
DMC,913,Nile Green medium,#4daf78
CXC,CXC 913,Nile Green medium,#4daf78
Sullivans,Sullivans 45449,Bright Green Light,#4db088
Anchor,Anchor 277,Gold Dark,#4e3008
Madeira,1913,Beige Brown VY DK,#4e3426
Anchor,Anchor 872,Antique Violet Medium Dark,#4e3948
Sullivans,Sullivans 45151,Beaver Grey Very Dark,#4e4945
DMC,645,Beaver Grey very dark,#4e5847
CXC,CXC 645,Beaver Grey very dark,#4e5847
Anchor,Anchor 205,Emerald Green Light,#4e7152
Madeira,1106,Wedgewood Med,#4e757d
Sullivans,Sullivans 45212,Peacock Blue Dark,#4e90ac
Madeira,1103,Electric Blue Med,#4ea7f2
Cosmo,226,226,#4f1426
Cosmo,765,765,#4f3556
DMC,333,Blue Violet very dark,#4f3687
CXC,CXC 333,Blue Violet very dark,#4f3687
Cosmo,2040,2040,#4f3d2e
Cosmo,311,311,#4f4036
DMC,317,Pewter Grey,#4f5460
CXC,CXC 317,Pewter Grey,#4f5460
Cosmo,664A,664A,#4f569c
DMC,161,Grey Blue,#4f5c85
CXC,CXC 161,Grey Blue,#4f5c85
Cosmo,214,214,#4f70b3
Anchor,Anchor 209,Jade Medium,#4f8866
Cosmo,413,413,#4f8bcd
Finca,3483,Wedgewood light,#4f93a7
Sullivans,Sullivans 45216,Garnet Dark,#500212
Sullivans,Sullivans 45432,Grape Dark,#50183f
Ariadna,1785,cocoa ultra dark,#503217
Anchor,Anchor 936,Dusty Flesh Very Dark,#503329
Ariadna,1762,antique violet medium,#503737
DMC,3781,Mocha Brown dark,#503d2e
CXC,CXC 3781,Mocha Brown dark,#503d2e
Ariadna,1609,blue violet very dark,#504696
DMC,3787,Brown Grey dark,#50473d
CXC,CXC 3787,Brown Grey dark,#50473d
Anchor,Anchor 860,Fern Green Medium,#505b47
Cosmo,2014,2014,#505c2e
Madeira,1403,Green,#507034
Cosmo,2026,2026,#5087b0
Ariadna,1616,blue dark,#50a0c8
Sullivans,Sullivans 45493,Cocoa Dark,#512f2c
Madeira,806,Antique Violet DK,#513842
Madeira,1407,Hunter Green,#516a2d
Cosmo,633,633,#517734
Sullivans,Sullivans 45067,Baby Blue Medium,#517bad
Madeira,1013,Blue,#5194a3
Sullivans,Sullivans 45260,Emerald Green Light,#51a361
Madeira,805,Purple,#52034a
Cosmo,656,656,#522022
Sullivans,Sullivans 45371,Antique Violet Dark,#52303f
Madeira,1813,Beaver Grey LT,#525a51
Anchor,Anchor 267,Avocado Green Medium,#525e27
Cosmo,525,525,#5272b7
Cosmo,2253,2253,#5281a9
Sullivans,Sullivans 45447,Teal Green Light,#529890
Anchor,Anchor 119,Blue Violet Dark,#533872
Ariadna,1818,graphite dark,#535050
Cosmo,826,826,#535227
Cosmo,2020,2020,#535656
Anchor,Anchor 131,Sky Blue Medium,#535d86
Anchor,Anchor 1034,Antique Blue Medium Dark,#535e73
DMC,931,Antique Blue medium,#536a82
CXC,CXC 931,Antique Blue medium,#536a82
Ariadna,1637,antique blue,#53788c
Anchor,Anchor 215,Misty Green Light,#537b5a
DMC,799,Delft Blue medium,#537bb5
CXC,CXC 799,Delft Blue medium,#537bb5
DMC,3816,Celadon Green,#53836f
CXC,CXC 3816,Celadon Green,#53836f
Finca,4350,Jade medium,#53976a
Sullivans,Sullivans 45293,Sea Green Dark,#53b091
Ariadna,1652,turquoise,#53e6e6
DMC,779,Cocoa dark,#543836
CXC,CXC 779,Cocoa dark,#543836
Cosmo,176,176,#544799
Sullivans,Sullivans 45316,Khaki Green Dark,#544822
Cosmo,2154,2154,#545358
DMC,793,Cornflower Blue medium,#546497
CXC,CXC 793,Cornflower Blue medium,#546497
DMC,502,Blue Green,#547565
CXC,CXC 502,Blue Green,#547565
Cosmo,844,844,#54a181
Sullivans,Sullivans 45455,Rosewood Dark,#551411
Sullivans,Sullivans 45124,Violet Medium,#552770
Anchor,Anchor 359,Coffee Very Dark,#552f14
Cosmo,266,266,#553273
Anchor,Anchor 375,Hazelnut Brown Medium,#55330e
Madeira,2106,Drab Brown VY DK,#55381c
DMC,839,Beige Brown dark,#553d34
Anchor,Anchor 1086,Taupe Medium Dark,#553d34
CXC,CXC 839,Beige Brown dark,#553d34
Anchor,Anchor 393,Beige Grey Ultra Very Dark,#55493d
Madeira,1801,Steel Grey Med,#555252
Madeira,1711,Dusty Blue Med,#55666a
Cosmo,119,119,#557535
Finca,4906,Parrot Green very dark,#557822
DMC,993,Aquamarine light,#55ab90
CXC,CXC 993,Aquamarine light,#55ab90
Cosmo,555,555,#564e88
DMC,32,Dark Blueberry,#565385
CXC,CXC 32,Dark Blueberry,#565385
Finca,8749,Pewter Grey dark,#565656
Finca,3745,Grey Green very dark,#566a6a
Sullivans,Sullivans 45204,Cornflower Blue Medium,#566a9c
Sullivans,Sullivans 45111,Blue Green,#567469
Sullivans,Sullivans 45209,Delft Blue Medium,#567db2
Cosmo,336,336,#56a265
Sullivans,Sullivans 45252,Garnet Very Dark,#57071f
DMC,3857,Rosewood dark,#572523
CXC,CXC 3857,Rosewood dark,#572523
DMC,801,Coffee Brown dark,#573324
CXC,CXC 801,Coffee Brown dark,#573324
Madeira,2113,Hazelnut Brown VY DK,#57370b
Cosmo,310,310,#573e2f
DMC,730,Olive Green very dark,#574d20
CXC,CXC 730,Olive Green very dark,#574d20
DMC,469,Avocado Green,#575f23
CXC,CXC 469,Avocado Green,#575f23
Anchor,Anchor 257,Forest Green Dark,#576301
Anchor,Anchor 977,Blue Medium,#576a83
Cosmo,165A,165A,#5774a1
Anchor,Anchor 161,Baby Blue Dark,#57819c
Madeira,705,Mauve VY DK,#58052a
Madeira,601,Plum VY DK,#58082c
Cosmo,131,131,#58251f
DMC,35,Very Dark Fuchsia,#58274b
CXC,CXC 35,Very Dark Fuchsia,#58274b
Sullivans,Sullivans 45231,Golden Olive Dark,#583714
Cosmo,894,894,#585550
Anchor,Anchor 921,Antique Blue Medium,#586172
Finca,4561,Forest Green dark,#587141
Anchor,Anchor 876,Sea Foam Green Medium,#587167
Sullivans,Sullivans 45061,Pistachio Green Medium,#587c54
Cosmo,2535,2535,#588873
DMC,3766,Peacock Blue light,#58a2b9
CXC,CXC 3766,Peacock Blue light,#58a2b9
Ariadna,1588,violet very dark,#591396
Anchor,Anchor 352,Copper Very Dark,#59280e
Finca,8171,Beige Brown very dark,#594937
Madeira,1612,Sage Green,#595317
Sullivans,Sullivans 45349,Pine Green Medium,#596242
Madeira,1411,Forest Green Med,#596c03
Cosmo,2924,2924,#597037
Cosmo,982,982,#597e89
Cosmo,253,253,#598fb0
Sullivans,Sullivans 45133,Turquoise,#5993a7
Madeira,1212,Leaf Green Med,#59b67e
Anchor,Anchor 897,Shell Pink Very Dark,#5a0200
Cosmo,225,225,#5a1526
Madeira,1903,Beige Grey DK,#5a4f44
Anchor,Anchor 243,Pistachio Green Medium Dark,#5a734a
DMC,320,Pistachio Green medium,#5a7f5a
CXC,CXC 320,Pistachio Green medium,#5a7f5a
DMC,988,Forest Green medium,#5a8044
CXC,CXC 988,Forest Green medium,#5a8044
DMC,906,Parrot Green medium,#5a8b23
CXC,CXC 906,Parrot Green medium,#5a8b23
Finca,3396,Baby Blue dark,#5a8fb8
Madeira,1201,Turquoise Med,#5a997e
Cosmo,374,374,#5a99a6
DMC,814,Garnet dark,#5b1325
CXC,CXC 814,Garnet dark,#5b1325
DMC,902,Garnet very dark,#5b202e
CXC,CXC 902,Garnet very dark,#5b202e
DMC,3834,Grape dark,#5b294a
CXC,CXC 3834,Grape dark,#5b294a
Anchor,Anchor 357,Chocolate Dark,#5b2c11
Madeira,810,Antique Mauve DK,#5b3039
Cosmo,675A,675A,#5b5f2a
DMC,3363,Pine Green medium,#5b6b4a
CXC,CXC 3363,Pine Green medium,#5b6b4a
DMC,3839,Lavender Blue medium,#5b70ae
CXC,CXC 3839,Lavender Blue medium,#5b70ae
Anchor,Anchor 226,Christmas Green Light,#5b8542
Finca,4228,Blue Green,#5b9071
Anchor,Anchor 1064,Teal Medium Light,#5ba3b2
Finca,3654,Turquoise,#5ba3b3
Ariadna,1686B,forest green dark,#5ba872
Finca,2635,Violet very dark,#5c184e
Anchor,Anchor 889,Drab Brown Very Dark,#5c3a18
DMC,3740,Antique Violet dark,#5c3e4d
CXC,CXC 3740,Antique Violet dark,#5c3e4d
Anchor,Anchor 898,Drab Brown Dark,#5c4736
Finca,2699,Blue Violet very dark,#5c5478
DMC,3011,Khaki Green dark,#5c5830
CXC,CXC 3011,Khaki Green dark,#5c5830
Madeira,902,Blue Violet LT,#5c588e
DMC,580,Moss Green dark,#5c5f20
CXC,CXC 580,Moss Green dark,#5c5f20
Sullivans,Sullivans 45309,Forest Green Medium,#5c7641
DMC,809,Delft Blue,#5c92bb
CXC,CXC 809,Delft Blue,#5c92bb
Cosmo,564,564,#5c9494
Anchor,Anchor 111,Lavender Dark,#5d2c6e
Madeira,2114,Avocado VY DK,#5d3c0f
Anchor,Anchor 871,Antique Violet Medium,#5d4556
Sullivans,Sullivans 45437,Lavender Blue Medium,#5d79bc
Sullivans,Sullivans 45094,Brown Medium,#5e2510
DMC,327,Violet,#5e2e5e
CXC,CXC 327,Violet,#5e2e5e
Ariadna,1781,golden brown very dark,#5e3422
Cosmo,2035,2035,#5e485a
Anchor,Anchor 844,Khaki Green Medium,#5e5837
Madeira,1509,Fern Green LT,#5e6040
Cosmo,685,685,#5e6233
Cosmo,733,733,#5e7e9d
Cosmo,335,335,#5ead6d
Anchor,Anchor 1028,Dusty Plum Dark,#5f0137
Sullivans,Sullivans 45399,Antique Mauve Very Dark,#5f1428
Sullivans,Sullivans 45230,Golden Olive Very Dark,#5f3312
DMC,829,Golden Olive very dark,#5f4220
CXC,CXC 829,Golden Olive very dark,#5f4220
Madeira,2112,Avocado DK,#5f4b29
Cosmo,175,175,#5f50a3
Madeira,1607,Khaki Green DK,#5f5833
Madeira,1502,Avocado Green LT,#5f6b1d
Sullivans,Sullivans 45344,Yellow Green Medium,#5f6e34
Ariadna,1704A,pine green dark,#5f7548
Madeira,1311,Pistachio Green Med,#5f7f4d
Anchor,Anchor 168,Blue Green Medium,#5f858f
Sullivans,Sullivans 45213,Peacock Blue,#5f9ea5
Madeira,514,Garnet VY DK,#60151c
DMC,3802,Antique Mauve very dark,#602c36
CXC,CXC 3802,Antique Mauve very dark,#602c36
Sullivans,Sullivans 45458,Cocoa,#603c3b
DMC,610,Drab Brown dark,#604a30
CXC,CXC 610,Drab Brown dark,#604a30
DMC,3746,Blue Violet dark,#604f9f
CXC,CXC 3746,Blue Violet dark,#604f9f
Cosmo,2038,2038,#605042
Anchor,Anchor 850,Grey Blue Dark,#606d74
Cosmo,535,535,#608c77
Cosmo,326,326,#609c37
DMC,703,Chartreuse,#60a746
CXC,CXC 703,Chartreuse,#60a746
Madeira,811,Shell Pink Med DK,#610013
Sullivans,Sullivans 45217,Garnet Medium,#610118
Anchor,Anchor 1029,Plum Dark,#611440
Cosmo,245,245,#611921
Sullivans,Sullivans 45242,Hazel Nut Brown Very Dark,#613219
Madeira,2304,Mahogany DK,#613514
Sullivans,Sullivans 45040,Lavender Very Dark,#613694
Cosmo,386,386,#61483d
Cosmo,476,476,#614b58
DMC,3790,Beige Grey ultra dark,#614d3d
CXC,CXC 3790,Beige Grey ultra dark,#614d3d
Anchor,Anchor 903,Brown Grey Medium,#614f40
Cosmo,717,717,#615740
Finca,8785,,#616267
Sullivans,Sullivans 45090,Steel Grey Dark,#616270
Madeira,2603,Nile Green LT,#61683a
Cosmo,2015,2015,#616e53
DMC,926,Grey Green medium,#617878
CXC,CXC 926,Grey Green medium,#617878
Madeira,910,Delft Med,#6186af
Sullivans,Sullivans 45413,Celadon Green,#61947c
Madeira,1111,Misty Blue LT,#61a7a5
Cosmo,898,898,#61ad9c
Anchor,Anchor 358,Coffee Dark,#62391b
Cosmo,264,264,#624283
Sullivans,Sullivans 45105,Avocado Green Light,#627422
Finca,4565,Parrot Green dark,#628a28
DMC,300,Mahogany very dark,#632e20
CXC,CXC 300,Mahogany very dark,#632e20
Madeira,2709,Antique Lavender LT,#63336d
Finca,2627,Violet very dark,#633666
Anchor,Anchor 371,Coffee Medium Dark,#633a1b
Madeira,2008,Tan DK,#633d0e
Cosmo,776,776,#635025
Anchor,Anchor 176,Cornflower Blue Medium,#635f95
Finca,8589,Ash Grey very light,#636458
Cosmo,2013,2013,#636d34
Anchor,Anchor 256,Forest Green Medium,#637201
Cosmo,272,272,#63aa44
Anchor,Anchor 100,Violet Dark,#642d55
Ariadna,1773,desert sand very dark,#64321a
DMC,433,Brown medium,#643823
CXC,CXC 433,Brown medium,#643823
Sullivans,Sullivans 45143,Drab Brown Dark,#644724
Sullivans,Sullivans 45144,Drab Brown,#644930
Ariadna,1789,drab brown dark,#64502b
Sullivans,Sullivans 45175,Olive Green Dark,#645312
Sullivans,Sullivans 45176,Olive Green,#645312
Cosmo,716,716,#645b46
Anchor,Anchor 399,Steel Grey Light,#646263
Ariadna,1799,brown grey dark,#646432
DMC,414,Steel Grey dark,#646b78
CXC,CXC 414,Steel Grey dark,#646b78
Cosmo,663,663,#646faf
Sullivans,Sullivans 45270,Grey Green Medium,#647874
Ariadna,1693,avocado green,#648228
Anchor,Anchor 1039,Baby Blue Medium Dark,#6493b0
Ariadna,1671,thyme dark,#649664
Finca,3560,Peacock Blue,#64abba
Ariadna,1686,green,#64b428
Sullivans,Sullivans 45294,Sea Green Medium,#64c3a6
Ariadna,1619,sky blue,#64dcff
Cosmo,437,437,#651a28
Cosmo,285,285,#653488
Cosmo,174,174,#655aa9
DMC,31,Blueberry,#65629d
CXC,CXC 31,Blueberry,#65629d
Finca,3739,Grey Green dark,#657f7f
Cosmo,318,318,#659971
Anchor,Anchor 351,Copper Dark,#66330e
Cosmo,674,674,#666d2d
Finca,5156,Fern Green dark,#666d4f
Anchor,Anchor 939,Blue Grey,#666d7b
DMC,160,Grey Blue medium,#66759c
CXC,CXC 160,Grey Blue medium,#66759c
Anchor,Anchor 208,Jade Light,#669e7c
Sullivans,Sullivans 45056,Antique Mauve Dark,#672433
Cosmo,265,265,#673c84
Finca,8159,Beige Brown dark,#675541
DMC,4,Dark Tin,#676464
CXC,CXC 04,Dark Tin,#676464
Madeira,1603,Laurel Green LT,#677f4f
Sullivans,Sullivans 45215,Blue Light,#6795c2
Sullivans,Sullivans 45355,Mauve Dark,#680720
Madeira,2607,Antique Plum VY DK,#68181c
Anchor,Anchor 1019,Antique Mauve Dark,#682734
Anchor,Anchor 972,Dusty Violet Very Dark,#682f35
Sullivans,Sullivans 45125,Violet,#683c87
Anchor,Anchor 121,Blue Purple Light,#686e8c
Cosmo,632,632,#688e38
Madeira,1105,Wedgewood LT,#689faa
Sullivans,Sullivans 45147,Desert Sand Ultra Very Dark,#692825
Ariadna,1584,plum dark,#693d65
DMC,830,Golden Olive dark,#694b23
CXC,CXC 830,Golden Olive dark,#694b23
DMC,8,Dark Driftwood,#695b50
CXC,CXC 08,Dark Driftwood,#695b50
DMC,732,Olive Green (731),#695c20
CXC,CXC 732,Olive Green (731),#695c20
DMC,646,Beaver Grey dark,#696359
CXC,CXC 646,Beaver Grey dark,#696359
Cosmo,154,154,#696767
Cosmo,924,924,#697e52
Finca,4478,Pistachio Green medium,#69885a
DMC,3755,Baby Blue,#6998c4
CXC,CXC 3755,Baby Blue,#6998c4
Anchor,Anchor 186,Turquoise Light,#69b5a3
DMC,3685,Mauve dark,#6a1836
CXC,CXC 3685,Mauve dark,#6a1836
Sullivans,Sullivans 45326,Antique Violet Medium,#6a485d
Madeira,2105,Hazelnut Brown DK,#6a4b2c
Sullivans,Sullivans 45070,Blue Violet Medium,#6a70c0
Sullivans,Sullivans 45475,Grey Blue Medium,#6a76a0
DMC,470,Avocado Green light,#6a7830
CXC,CXC 470,Avocado Green light,#6a7830
Anchor,Anchor 204,Emerald Green Very Light,#6a996f
Madeira,1113,Turquoise LT,#6ad4b6
Ariadna,1598A,fuchsia very dark,#6b0678
Madeira,513,Garnet DK,#6b171f
Cosmo,246,246,#6b1828
Sullivans,Sullivans 45304,Golden Brown Dark,#6b1e12
Madeira,2311,Peach Flesh VY DK,#6b3523
DMC,731,Olive Green Dark,#6b580b
CXC,CXC 731,Olive Green Dark,#6b580b
Sullivans,Sullivans 45470,Blue Violet Medium Dark,#6b67bd
DMC,3347,Yellow Green medium,#6b834a
CXC,CXC 3347,Yellow Green medium,#6b834a
Anchor,Anchor 242,Pistachio Green Medium,#6b8d58
Cosmo,2118,2118,#6b8f42
Cosmo,164,164,#6b93bf
Finca,3229,Blue medium,#6b9ebf
Anchor,Anchor 433,Electric Blue Medium,#6badff
Sullivans,Sullivans 45261,Nile Green Medium,#6bb874
Sullivans,Sullivans 45086,Mahogany Dark,#6c160b
DMC,3837,Lavender ultra dark,#6c3681
CXC,CXC 3837,Lavender ultra dark,#6c3681
Cosmo,3311,3311,#6c372a
Cosmo,764,764,#6c4d71
Madeira,2107,Drab Brown DK,#6c4f34
Cosmo,368,368,#6c6454
Cosmo,2028,2028,#6c677c
Cosmo,893,893,#6c6c66
Finca,8705,Pewter Grey,#6c6c6c
DMC,989,Forest Green,#6c9254
CXC,CXC 989,Forest Green,#6c9254
Ariadna,1681,green,#6ca844
Cosmo,2412,2412,#6cafe0
DMC,954,Nile Green,#6cbe87
CXC,CXC 954,Nile Green,#6cbe87
Madeira,1211,Leaf Green LT,#6cc690
DMC,221,Shell Pink very dark,#6d2329
CXC,CXC 221,Shell Pink very dark,#6d2329
Cosmo,130,130,#6d3022
Anchor,Anchor 374,Tan Dark,#6d4213
Anchor,Anchor 1088,Taupe Very Dark,#6d491e
Cosmo,263,263,#6d4c93
Cosmo,2039,2039,#6d5d43
Madeira,1808,Shell Grey DK,#6d605d
Anchor,Anchor 233,Shell Grey Dark,#6d615e
Anchor,Anchor 238,Chartreuse,#6d9a3b
DMC,807,Peacock Blue dark,#6d9dc7
CXC,CXC 807,Peacock Blue dark,#6d9dc7
Sullivans,Sullivans 45163,Chartreuse,#6da73d
Finca,4394,Nile Green medium,#6dab77
DMC,563,Jade light,#6db18c
CXC,CXC 563,Jade light,#6db18c
Ariadna,1744,mahogany dark,#6e1e05
Anchor,Anchor 896,Shell Pink,#6e3335
Madeira,2305,Mahogany Med,#6e350f
Madeira,2201,Old Gold DK,#6e5522
Ariadna,1817,graphite,#6e645f
Finca,8492,Beaver Grey very dark,#6e655c
Ariadna,1713,olive green dark,#6e7828
Ariadna,1633,antique blue dark,#6e878c
Madeira,1402,Green LT,#6e914f
Madeira,2508,Misty Green Med,#6ea89e
Sullivans,Sullivans 45312,Aquamarine Light,#6eb49a
Sullivans,Sullivans 45313,Aquamarine Very Light,#6eb49a
Anchor,Anchor 45,Garnet Very Dark,#6f2531
Finca,7656,Mahogany very dark,#6f2f00
DMC,315,Antique Mauve dark,#6f3842
CXC,CXC 315,Antique Mauve dark,#6f3842
Cosmo,2033,2033,#6f3961
DMC,3860,Cocoa,#6f4f4b
CXC,CXC 3860,Cocoa,#6f4f4b
Sullivans,Sullivans 45148,Beige Grey Very Dark,#6f634c
Cosmo,825,825,#6f6b2c
Madeira,1609,Green Med,#6f6c0e
Sullivans,Sullivans 45132,Moss Green,#6f7720
Anchor,Anchor 859,Fern Green Light,#6f7d63
Anchor,Anchor 69,Dusty Plum Medium Dark,#700040
Anchor,Anchor 94,Purple Dark,#700c63
DMC,815,Garnet medium,#700d23
CXC,CXC 815,Garnet medium,#700d23
Madeira,602,Plum DK,#700f3b
Madeira,314,Copper VY DK,#702a0f
Madeira,2303,Golden Brown Med,#703d18
DMC,869,Hazelnut Brown very dark,#704725
CXC,CXC 869,Hazelnut Brown very dark,#704725
Ariadna,1580,antique violet dark,#704f70
Madeira,1912,Beige Brown DK,#705242
Anchor,Anchor 832,Drab Brown Medium,#705741
DMC,611,Drab Brown,#705a3d
CXC,CXC 611,Drab Brown,#705a3d
Anchor,Anchor 855,Avocado Medium,#70633e
Sullivans,Sullivans 45152,Beaver Grey Dark,#706a59
Madeira,1802,Steel Grey LT,#706d6c
DMC,169,Pewter light,#707a7a
CXC,CXC 169,Pewter light,#707a7a
Finca,3400,Cornflower Blue medium,#707da2
DMC,794,Cornflower Blue light,#708ab8
CXC,CXC 794,Cornflower Blue light,#708ab8
Sullivans,Sullivans 45310,Forest Green,#708d52
Cosmo,2245,2245,#711331
Cosmo,4300,4300,#71202b
Madeira,2614,Dusty Violet VY DK,#713653
Cosmo,435,435,#713b48
Anchor,Anchor 355,Chocolate Medium Dark,#713f22
DMC,3835,Grape medium,#714061
CXC,CXC 3835,Grape medium,#714061
Cosmo,578,578,#714324
Madeira,807,Antique Violet LT,#715761
Madeira,2111,Avocado Med,#715c38
DMC,3052,Green Grey medium,#717c54
CXC,CXC 3052,Green Grey medium,#717c54
Anchor,Anchor 266,Avocado Green Light,#718036
Cosmo,2563,2563,#71ada8
Anchor,Anchor 65,Cerise Ultra Very Dark,#721944
DMC,632,Desert Sand ultra very dark,#723d34
CXC,CXC 632,Desert Sand ultra very dark,#723d34
Cosmo,284,284,#723e94
DMC,3041,Antique Violet medium,#725465
CXC,CXC 3041,Antique Violet medium,#725465
Cosmo,775A,775A,#725727
DMC,640,Beige Grey very dark,#72644f
CXC,CXC 640,Beige Grey very dark,#72644f
Sullivans,Sullivans 45332,Green Grey Medium,#72764e
DMC,522,Fern Green,#727d5f
CXC,CXC 522,Fern Green,#727d5f
Finca,4817,Avocado Green,#72843c
Sullivans,Sullivans 45262,Plum Dark,#730123
Sullivans,Sullivans 45456,Rosewood Medium,#732325
Ariadna,1784,cocoa very dark,#734b28
DMC,3022,Brown Grey medium,#73725f
CXC,CXC 3022,Brown Grey medium,#73725f
Madeira,1510,Fern Green VY LT,#737551
Sullivans,Sullivans 45484,Pewter Light,#737c79
DMC,156,Blue Violet medium light,#737db3
CXC,CXC 156,Blue Violet medium light,#737db3
Madeira,1408,Hunter Green LT,#739345
Cosmo,843,843,#73be9c
Madeira,713,Violet DK,#743462
Cosmo,426,426,#74473d
Anchor,Anchor 365,Golden Brown Medium,#744817
Sullivans,Sullivans 45396,Beige Grey Ultra Dark,#745740
DMC,7,Driftwood,#746256
CXC,CXC 07,Driftwood,#746256
Anchor,Anchor 255,Forest Green Light,#748505
Sullivans,Sullivans 45205,Cornflower Blue Light,#7493c0
Madeira,1310,Pistachio Green LT,#749461
Cosmo,2022,2022,#74cae6
Sullivans,Sullivans 45044,Shell Pink Very Dark,#751019
Cosmo,655,655,#75262f
Madeira,401,Terracotta,#752e2c
DMC,400,Mahogany dark,#753321
CXC,CXC 400,Mahogany dark,#753321
DMC,3858,Rosewood medium,#753d36
CXC,CXC 3858,Rosewood medium,#753d36
Sullivans,Sullivans 45232,Golden Olive Medium,#754e1a
Ariadna,1605,blue violet dark,#755abe
Madeira,2002,Mocha Brown Med,#756450
Anchor,Anchor 1030,Blue Violet Medium,#7567a3
Cosmo,2012,2012,#75784d
Anchor,Anchor 136,Delft Medium,#7582a8
DMC,932,Antique Blue light,#758fa6
CXC,CXC 932,Antique Blue light,#758fa6
Cosmo,2981,2981,#75989d
Sullivans,Sullivans 45112,Blue Green Medium,#759b91
DMC,964,Sea Green light,#75cdc1
CXC,CXC 964,Sea Green light,#75cdc1
DMC,915,Plum dark,#76003d
CXC,CXC 915,Plum dark,#76003d
Cosmo,2310,2310,#76422b
Finca,8026,,#765951
Cosmo,384,384,#765b51
DMC,155,Blue Violet medium dark,#7665ab
CXC,CXC 155,Blue Violet medium dark,#7665ab
Sullivans,Sullivans 45317,Khaki Green Medium,#766837
Sullivans,Sullivans 45471,Blue Violet Medium Light,#7687c2
Sullivans,Sullivans 45214,Delft Blue,#769ad1
Cosmo,118,118,#769e45
Sullivans,Sullivans 45095,Brown Light,#772c17
Sullivans,Sullivans 45433,Grape Medium,#773e6e
Anchor,Anchor 1046,Golden Brown Medium Dark,#774a1a
Madeira,1702,Sea Foam Green,#779783
Cosmo,373,373,#77b8be
DMC,777,Raspberry very dark,#780d2c
CXC,CXC 777,Raspberry very dark,#780d2c
Madeira,512,Garnet Med,#78141e
Ariadna,1573,mauve ultra dark,#782832
Anchor,Anchor 944,Tan Very Dark,#783a0d
Ariadna,1772,desert sand dark,#783c28
Anchor,Anchor 1007,Flesh Very Dark,#784f42
Sullivans,Sullivans 45238,Beige Brown Medium,#785347
DMC,831,Golden Olive medium,#785c25
CXC,CXC 831,Golden Olive medium,#785c25
Cosmo,475,475,#78646c
Cosmo,554,554,#7868a2
Ariadna,1718,golden olive ultra dark,#786e32
Cosmo,715,715,#786e5b
Sullivans,Sullivans 45350,Pine Green,#787f4e
Anchor,Anchor 145,Navy Blue Very Light,#7884a4
Madeira,1512,Grey Green LT,#788570
Sullivans,Sullivans 45378,Baby Blue,#78a4d3
DMC,704,Chartreuse bright,#78ad44
CXC,CXC 704,Chartreuse bright,#78ad44
DMC,519,Sky Blue,#78b1c8
CXC,CXC 519,Sky Blue,#78b1c8
Ariadna,1677,aquamarine medium,#78e6a0
Cosmo,467,467,#792224
DMC,975,Golden Brown dark,#793a20
CXC,CXC 975,Golden Brown dark,#793a20
Anchor,Anchor 1018,Antique Mauve Light,#79454f
Finca,8327,Drab Brown dark,#796047
DMC,581,Moss Green,#797b29
CXC,CXC 581,Moss Green,#797b29
Anchor,Anchor 225,Christmas Green Very Light,#79a45e
Cosmo,2317,2317,#79ab7f
DMC,34,Dark Fuchsia,#7a3070
CXC,CXC 34,Dark Fuchsia,#7a3070
Finca,8075,Brown medium,#7a451f
Sullivans,Sullivans 45460,Mocha Beige Dark,#7a4931
Madeira,2009,Tan Med DK,#7a4b12
Ariadna,1583,antique rose dark,#7a5b77
DMC,451,Shell Grey dark,#7a6c6c
CXC,CXC 451,Shell Grey dark,#7a6c6c
Cosmo,153A,153A,#7a7a78
Cosmo,2662,2662,#7a85b7
Cosmo,2631,2631,#7a9f3d
Sullivans,Sullivans 45116,Sky Blue,#7aadce
DMC,598,Turquoise light,#7ab2b5
CXC,CXC 598,Turquoise light,#7ab2b5
Anchor,Anchor 1005,Christmas Red Ultra Very Dark,#7b0200
Sullivans,Sullivans 45390,Terra Cotta Very Dark,#7b0913
Madeira,706,Mauve DK,#7b2358
Cosmo,2003,2003,#7b235f
DMC,3803,Mauve medium,#7b2544
CXC,CXC 3803,Mauve medium,#7b2544
DMC,918,Red Copper dark,#7b2e23
CXC,CXC 918,Red Copper dark,#7b2e23
DMC,552,Violet medium,#7b3881
CXC,CXC 552,Violet medium,#7b3881
Anchor,Anchor 370,Coffee Medium,#7b471f
Anchor,Anchor 854,Avocado Light,#7b7052
Sullivans,Sullivans 45275,Antique Blue Light,#7b92aa
Finca,4723,,#7b9648
Cosmo,2212,2212,#7ba2d2
DMC,368,Pistachio Green light,#7ba476
CXC,CXC 368,Pistachio Green light,#7ba476
Finca,4636,Chartreuse,#7bb547
Anchor,Anchor 99,Violet Medium Dark,#7c3969
Madeira,2710,Antique Lavender Med,#7c4586
Cosmo,236,236,#7c474f
Anchor,Anchor 110,Lavender Medium,#7c4a8d
DMC,3862,Mocha Beige dark,#7c553e
CXC,CXC 3862,Mocha Beige dark,#7c553e
Cosmo,2037,2037,#7c685f
Cosmo,173,173,#7c73b7
DMC,340,Blue Violet medium,#7c76be
CXC,CXC 340,Blue Violet medium,#7c76be
Sullivans,Sullivans 45492,Raspberry Very Dark,#7d041a
Anchor,Anchor 89,Mauve Dark,#7d074d
Ariadna,1734,red copper very dark,#7d1419
Anchor,Anchor 310,Topaz Very Dark,#7d3b00
Cosmo,283,283,#7d4da2
Sullivans,Sullivans 45101,Shell Grey Dark,#7d6160
Ariadna,1808,beaver grey dark,#7d6e4b
DMC,3012,Khaki Green medium,#7d7340
CXC,CXC 3012,Khaki Green medium,#7d7340
Ariadna,1608A,blueberry dark,#7d74a8
Anchor,Anchor 843,Khaki Green Medium Light,#7d754c
DMC,647,Beaver Grey medium,#7d7b70
CXC,CXC 647,Beaver Grey medium,#7d7b70
Sullivans,Sullivans 45320,Brown Grey Medium,#7d7c61
Cosmo,2025,2025,#7dabcb
Sullivans,Sullivans 45164,Chartreuse Bright,#7dac36
Cosmo,325A,325A,#7dac3e
Anchor,Anchor 22,Garnet,#7e0520
Anchor,Anchor 907,Gold Medium,#7e5b27
Madeira,1902,Beige Grey Med,#7e746b
Madeira,1002,Antique Blue LT,#7ea5bb
Finca,3476,Sky Blue,#7eb1c8
Sullivans,Sullivans 45383,Peacock Blue Light,#7ec2d4
Sullivans,Sullivans 45264,Red Copper Dark,#7f1714
Madeira,2104,Hazelnut Brown Med,#7f5b37
DMC,840,Beige Brown medium,#7f5c4a
CXC,CXC 840,Beige Brown medium,#7f5c4a
Sullivans,Sullivans 45041,Lavender Dark,#7f5eac
Sullivans,Sullivans 45106,Avocado Green Very Light,#7f803d
Anchor,Anchor 849,Grey Blue Medium,#7f8381
Finca,4730,Parrot Green medium,#7fb335
Sullivans,Sullivans 45400,Mauve Medium Dark,#801639
Cosmo,486,486,#802064
Anchor,Anchor 78,Plum Medium Dark,#80294e
DMC,434,Brown light,#804625
CXC,CXC 434,Brown light,#804625
DMC,3726,Antique Mauve dark,#804653
CXC,CXC 3726,Antique Mauve dark,#804653
Madeira,2214,Topaz Ultra VY DK,#805104
Anchor,Anchor 392,Beige Grey Dark,#806e5d
Anchor,Anchor 280,Yellow Green,#807138
Ariadna,1794A,driftwood dark,#807568
Anchor,Anchor 900,Beaver Grey Light,#807e79
DMC,318,Steel Grey light,#808796
CXC,CXC 318,Steel Grey light,#808796
Madeira,1708,Blue Grey LT,#808b8a
Anchor,Anchor 920,Antique Blue Medium Light,#808b99
Cosmo,2018,2018,#809ba5
Sullivans,Sullivans 45081,Pistachio Green Light,#809e6b
Finca,2123,Antique Mauve dark,#814952
Madeira,2110,Avocado LT,#816942
Anchor,Anchor 118,Blue Violet Light,#8175ad
DMC,28,Medium Light Eggplant,#8178a0
CXC,CXC 28,Medium Light Eggplant,#8178a0
Cosmo,684,684,#818751
Cosmo,732,732,#819dbb
Cosmo,981A,981A,#819fa2
Madeira,511,Garnet,#820023
Finca,2415,Plum dark,#820043
Ariadna,1751,terracotta very dark,#821e28
DMC,3777,Terra Cotta very dark,#822529
CXC,CXC 3777,Terra Cotta very dark,#822529
Finca,2171,Garnet very dark,#822637
Anchor,Anchor 44,Garnet Dark,#822d3c
Ariadna,1590,violet very dark,#823273
DMC,208,Lavender very dark,#824596
CXC,CXC 208,Lavender very dark,#824596
Cosmo,2032,2032,#824877
Ariadna,1732,hazelnut brown dark,#82501b
Madeira,804,Lavender VY DK,#825392
DMC,370,Mustard medium,#826e3d
CXC,CXC 370,Mustard medium,#826e3d
Madeira,1906,Beige Grey,#826e5d
Finca,5236,Olive Green very dark,#827b30
Ariadna,1812,pewter grey dark,#828064
Ariadna,1706,khaki green dark,#828233
Anchor,Anchor 261,Laurel Green Medium,#828f67
DMC,3817,Celadon Green light,#82ab96
CXC,CXC 3817,Celadon Green light,#82ab96
Ariadna,1615,blue,#82b4ff
Ariadna,1699,fern green dark,#82e637
Ariadna,1657,turquoise green light,#82fadc
Madeira,509,Red DK,#830c34
Anchor,Anchor 970,Dusty Violet Dark,#834e50
Finca,2615,Lavender very dark,#835b8b
Finca,7408,Hazel Nut Brown very dark,#835e39
DMC,503,Blue Green medium,#839c8b
CXC,CXC 503,Blue Green medium,#839c8b
Sullivans,Sullivans 45129,Jade Light,#83ba97
Anchor,Anchor 1070,Jade Light,#83cfb4
Cosmo,2224,2224,#841f4a
Sullivans,Sullivans 45092,Hazel Nut Brown Dark,#844728
Sullivans,Sullivans 45324,Mocha Brown Medium,#847056
Ariadna,1712,olive green medium,#848200
Sullivans,Sullivans 45118,Fern Green,#848c70
Madeira,907,Cornflower Blue LT,#8499c2
Madeira,1410,Forest Green LT,#849e11
Cosmo,563,563,#84b9b3
DMC,3721,Shell Pink dark,#85303a
CXC,CXC 3721,Shell Pink dark,#85303a
Madeira,313,Copper DK,#853113
Ariadna,1751A,rosewood medium,#854b57
Sullivans,Sullivans 45482,Yellow Beige Very Dark,#854e2f
Cosmo,309,309,#855430
Cosmo,577A,577A,#855b2a
Finca,8487,Beige Grey very dark,#857b61
Cosmo,892,892,#858177
Cosmo,673,673,#858f37
Cosmo,923,923,#85996c
Madeira,1710,Dusty Blue LT,#859a9f
Anchor,Anchor 130,Sky Blue,#859abe
DMC,3840,Lavender Blue light,#85a3ce
CXC,CXC 3840,Lavender Blue light,#85a3ce
Ariadna,1623,cornflower blue light,#85aad6
Anchor,Anchor 241,Pistachio Green,#85ac6e
Sullivans,Sullivans 45078,Terra Cotta Dark,#861417
Sullivans,Sullivans 45198,Topaz Ultra Very Dark,#862f15
Anchor,Anchor 1004,Orange Spice Very Dark,#863a1a
Ariadna,1717,golden olive dark,#868628
Finca,1915,Garnet medium,#87071f
Ariadna,1557,garnet dark,#872f3b
Finca,7962,Desert Sand ultra very dark,#875539
Cosmo,774,774,#876c2b
Finca,8574,Beaver Grey dark,#877d73
DMC,907,Parrot Green light,#87a623
CXC,CXC 907,Parrot Green light,#87a623
DMC,827,Blue very light,#87b4d0
CXC,CXC 827,Blue very light,#87b4d0
DMC,164,Forest Green light,#87bf78
CXC,CXC 164,Forest Green light,#87bf78
DMC,498,Christmas Red dark,#880025
CXC,CXC 498,Christmas Red dark,#880025
Madeira,603,Plum Med,#881448
Anchor,Anchor 43,Garnet Medium,#882639
DMC,355,Terra Cotta dark,#882e2c
CXC,CXC 355,Terra Cotta dark,#882e2c
Anchor,Anchor 39,Dusty Pink Dark,#882e3c
Finca,1996,Shell Pink very dark,#883e43
DMC,33,Fuchsia,#884b8e
CXC,CXC 33,Fuchsia,#884b8e
Anchor,Anchor 373,Tan Medium Dark,#88623a
Anchor,Anchor 888,Hazelnut Brown Light,#886940
Cosmo,763,763,#88698a
Cosmo,823,823,#888133
Madeira,2702,Blue Violet VY DK,#888bb8
Anchor,Anchor 976,Blue Light,#8897ab
DMC,927,Grey Green light,#889a97
CXC,CXC 927,Grey Green light,#889a97
Madeira,1401,Green VY LT,#88ab68
Anchor,Anchor 167,Blue Green Light,#88bdca
Anchor,Anchor 1062,Teal Light,#88c3cf
DMC,816,Garnet,#89132c
CXC,CXC 816,Garnet,#89132c
Cosmo,2241,2241,#89212b
Madeira,2608,Antique Plum DK,#89263e
Anchor,Anchor 1049,Copper Medium Dark,#894a1c
Cosmo,2262,2262,#8961a8
Madeira,2202,Old Gold Med,#896723
Sullivans,Sullivans 45149,Beige Grey Dark,#897b63
Cosmo,367,367,#89816b
Anchor,Anchor 398,Pearl Grey,#89888a
DMC,3364,Pine Green,#89965f
CXC,CXC 3364,Pine Green,#89965f
Cosmo,534A,534A,#89a98c
Anchor,Anchor 1038,Baby Blue Medium,#89b0c8
Madeira,1308,Yellow Green,#89b92e
Sullivans,Sullivans 45289,Nile Green,#89d38f
Madeira,1209,Yellow Green Ultra V,#89dfa4
Ariadna,1571,mauve,#8a1a5b
Sullivans,Sullivans 45365,Shell Pink Dark,#8a202a
Madeira,809,Antique Mauve Med,#8a5d66
Madeira,1606,Khaki Green Med,#8a7c30
DMC,30,Medium Light Blueberry,#8a89b0
CXC,CXC 30,Medium Light Blueberry,#8a89b0
Ariadna,1608C,lavender blue dark,#8aa1ed
Sullivans,Sullivans 45134,Turquoise Light,#8ac1c8
Sullivans,Sullivans 45265,Red Copper,#8b120e
Anchor,Anchor 369,Coffee Medium Light,#8b5d3c
Cosmo,576,576,#8b6129
Sullivans,Sullivans 45083,Mustard Medium,#8b7245
DMC,3053,Green Grey,#8b9669
CXC,CXC 3053,Green Grey,#8b9669
Cosmo,334,334,#8bc895
DMC,564,Jade very light,#8bc9a3
CXC,CXC 564,Jade very light,#8bc9a3
Cosmo,897,897,#8bcdbd
Ariadna,1759,red chestnut dark,#8c0014
Anchor,Anchor 341,Mahogany Dark,#8c310f
Sullivans,Sullivans 45367,Antique Mauve Dark,#8c3c4e
Sullivans,Sullivans 45386,Desert Sand Very Dark,#8c433f
DMC,780,Topaz ultra very dark,#8c4a23
CXC,CXC 780,Topaz ultra very dark,#8c4a23
Madeira,2108,Drab Brown Med,#8c6f52
Madeira,1807,Shell Grey Med,#8c7b79
DMC,642,Beige Grey dark,#8c7d63
CXC,CXC 642,Beige Grey dark,#8c7d63
Madeira,1611,Sage Green LT,#8c8923
Sullivans,Sullivans 45059,Steel Grey Light,#8c8c9e
Ariadna,1803,olive gray,#8c9650
Ariadna,1635,steel grey light,#8c9696
Anchor,Anchor 265,Avocado Green Very Light,#8c9e47
Sullivans,Sullivans 45071,Blue Violet Light,#8c9fce
Ariadna,1647,green grey,#8ca09b
Ariadna,1634,antique blue light,#8ca0aa
DMC,3813,Blue Green light,#8cac9d
CXC,CXC 3813,Blue Green light,#8cac9d
Ariadna,1659,sea green light,#8cdcb4
Ariadna,1676,aquamarine,#8ce6aa
Anchor,Anchor 59,Pink Mauve Ultra Very Dark,#8d0142
Anchor,Anchor 884,Antique Mahogany Dark,#8d4c37
DMC,167,Yellow Beige very dark,#8d643a
CXC,CXC 167,Yellow Beige very dark,#8d643a
Madeira,1911,Beige Brown Med,#8d6957
DMC,3861,Cocoa light,#8d6c6a
CXC,CXC 3861,Cocoa light,#8d6c6a
Anchor,Anchor 870,Antique Violet Light,#8d6e83
Finca,7066,Golden Olive dark,#8d784b
DMC,471,Avocado Green very light,#8d9d54
CXC,CXC 471,Avocado Green very light,#8d9d54
Anchor,Anchor 175,Cornflower Blue Light,#8d9ec3
DMC,966,Baby Green medium,#8dbf8e
CXC,CXC 966,Baby Green medium,#8dbf8e
Cosmo,271,271,#8dc64e
Madeira,704,Cerise VY DK,#8e014a
Anchor,Anchor 1025,Dusty Rose Dark,#8e2731
Ariadna,1591,violet,#8e448e
Cosmo,434,434,#8e4e61
Sullivans,Sullivans 45233,Golden Olive,#8e5d21
DMC,420,Hazelnut Brown dark,#8e6034
CXC,CXC 420,Hazelnut Brown dark,#8e6034
Cosmo,2762,2762,#8e7193
Anchor,Anchor 232,Shell Grey Medium,#8e807f
Cosmo,553,553,#8e83b8
Cosmo,2172,2172,#8e87c2
Sullivans,Sullivans 45333,Green Grey,#8e9664
DMC,523,Fern Green light,#8e9773
CXC,CXC 523,Fern Green light,#8e9773
Cosmo,631,631,#8eaa4b
DMC,800,Delft Blue pale,#8eb2d4
CXC,CXC 800,Delft Blue pale,#8eb2d4
Madeira,909,Delft,#8eb2db
DMC,3325,Baby Blue light,#8eb8d8
CXC,CXC 3325,Baby Blue light,#8eb8d8
DMC,3761,Sky Blue light,#8ec4d8
CXC,CXC 3761,Sky Blue light,#8ec4d8
Anchor,Anchor 185,Turquoise Very Light,#8ed1c1
Sullivans,Sullivans 45218,Garnet,#8f0018
Sullivans,Sullivans 45108,Christmas Red Dark,#8f011a
Anchor,Anchor 1006,Dusty Rose Very Dark,#8f1800
Madeira,2606,Peach Ultra VY DK,#8f222a
Cosmo,466,466,#8f3234
Anchor,Anchor 5975,Terracotta Dark,#8f381a
Ariadna,1579A,antique mauve very dark,#8f4261
Cosmo,235,235,#8f6672
DMC,371,Mustard,#8f7a47
CXC,CXC 371,Mustard,#8f7a47
Finca,3139,Cornflower Blue light,#8f9cc1
Cosmo,317,317,#8fb98e
Anchor,Anchor 203,Emerald Green Ultra Very Light,#8fc095
Finca,4388,Jade light,#8fc098
Madeira,1112,Turquoise VY LT,#8fe9d0
Madeira,2213,Topaz VY DK,#905c05
Sullivans,Sullivans 45461,Mocha Beige Medium,#905f45
Sullivans,Sullivans 45459,Cocoa Light,#906873
Cosmo,714,714,#908773
DMC,3,Medium Tin,#908f90
CXC,CXC 03,Medium Tin,#908f90
Anchor,Anchor 1033,Antique Blue,#909aae
Cosmo,372,372,#90c6cf
Ariadna,1572,mauve dark,#910944
DMC,150,Dusty Rose ultra very dark,#911238
CXC,CXC 150,Dusty Rose ultra very dark,#911238
Madeira,508,Red Med DK,#911733
DMC,917,Plum medium,#911b5b
CXC,CXC 917,Plum medium,#911b5b
DMC,919,Red Copper,#912920
CXC,CXC 919,Red Copper,#912920
Cosmo,224,224,#91375b
Anchor,Anchor 1027,Shell Pink Medium Dark,#914e4c
Ariadna,1731,hazelnut,#91521b
Ariadna,1585,plum,#915d8c
Anchor,Anchor 1085,Taupe Dark,#917452
Sullivans,Sullivans 45084,Mustard,#917541
Finca,8742,Shell Grey dark,#917b73
Anchor,Anchor 853,Avocado Very Light,#91886b
Sullivans,Sullivans 45153,Beaver Grey Medium,#91937b
Sullivans,Sullivans 45414,Celadon Green Light,#91b5a6
Sullivans,Sullivans 45337,Baby Blue Light,#91bde0
Ariadna,1651,light turquoise,#91f5ff
Madeira,510,Christmas Red,#92002e
Cosmo,242,242,#921b36
Anchor,Anchor 1014,Mahogany Very Dark,#922700
DMC,22,Alizarin,#922a29
CXC,CXC 22,Alizarin,#922a29
Anchor,Anchor 92,Purple Medium,#924c89
DMC,553,Violet,#924f92
CXC,CXC 553,Violet,#924f92
Anchor,Anchor 379,Dusty Flesh Dark,#92685a
DMC,3863,Mocha Beige medium,#92694f
CXC,CXC 3863,Mocha Beige medium,#92694f
Cosmo,383,383,#927c6d
Cosmo,662,662,#929ec5
DMC,341,Blue Violet light,#929ecb
CXC,CXC 341,Blue Violet light,#929ecb
Madeira,1501,Avocado Green VY LT,#929f4b
Finca,3219,,#92b3d6
Finca,3312,Baby Blue,#92b4ce
Cosmo,2017,2017,#92b7b8
Cosmo,252,252,#92c2cf
DMC,3772,Desert Sand very dark,#935a4b
CXC,CXC 3772,Desert Sand very dark,#935a4b
Madeira,2010,Tan Med,#935d23
Anchor,Anchor 899,Brown Grey Light,#938375
DMC,3023,Brown Grey light,#938d76
CXC,CXC 3023,Brown Grey light,#938d76
Cosmo,152A,152A,#93918a
Finca,8688,,#9393a6
Sullivans,Sullivans 45271,Grey Green Light,#93a69e
Sullivans,Sullivans 45256,Parrot Green Light,#93b130
Sullivans,Sullivans 45210,Delft Blue Pale,#93b9de
Anchor,Anchor 349,Chocolate Medium,#945731
Anchor,Anchor 875,Sea Foam Green Light,#94b4a6
Ariadna,1691A,moss green dark,#94b552
Cosmo,163,163,#94b9d7
Ariadna,1594,heather very dark,#954075
Cosmo,2129,2129,#95432c
Madeira,712,Violet Med,#95447e
Finca,8620,Antique Violet medium,#956f7c
Sullivans,Sullivans 45119,Fern Green Light,#959a7b
DMC,157,Cornflower Blue very light,#95abca
CXC,CXC 157,Cornflower Blue very light,#95abca
DMC,813,Blue light,#95b2c9
CXC,CXC 813,Blue light,#95b2c9
DMC,3811,Turquoise very light,#95c5c6
CXC,CXC 3811,Turquoise very light,#95c5c6
Anchor,Anchor 1015,Mahogany Ultra Very Dark,#961815
Ariadna,1758,red chestnut medium,#962128
Ariadna,1743,mahogany medium,#96370e
Ariadna,1771,desert sand,#966450
Ariadna,1725,olive brown ultra dark,#966e1a
Finca,8320,Drab Brown,#967656
DMC,3042,Antique Violet light,#967c8d
CXC,CXC 3042,Antique Violet light,#967c8d
Ariadna,1793,gray chocolate,#96824b
DMC,3032,Mocha Brown medium,#968669
CXC,CXC 3032,Mocha Brown medium,#968669
Ariadna,1816,steel dark,#96918c
Finca,5151,Fern Green,#969e7e
Ariadna,1685,green light,#96aa4a
Anchor,Anchor 214,Misty Green Very Light,#96b39b
Ariadna,1670,thyme,#96b482
Cosmo,523,523,#96b6da
Ariadna,1680,christmas green light,#96c65a
Ariadna,1665,soiled emerald light,#96dcb4
Ariadna,1611,blue light,#96dcf0
Sullivans,Sullivans 45298,Sea Green Light,#96e5d7
Madeira,407,Salmon VY DK,#971929
Anchor,Anchor 77,Plum Medium,#97345e
Madeira,312,Copper Med DK,#973915
Anchor,Anchor 309,Topaz Medium Dark,#974400
Sullivans,Sullivans 45426,Old Gold Very Dark,#974f24
Anchor,Anchor 98,Violet Medium Light,#975284
Sullivans,Sullivans 45327,Antique Violet Light,#97859c
Cosmo,891,891,#979283
DMC,159,Grey Blue light,#97a6c5
CXC,CXC 159,Grey Blue light,#97a6c5
Sullivans,Sullivans 45438,Lavender Blue Light,#97b9e4
DMC,955,Nile Green light,#97dca8
CXC,CXC 955,Nile Green light,#97dca8
Finca,8072,Brown light,#985e33
Sullivans,Sullivans 45177,Olive Green Medium,#987b2a
DMC,733,Olive Green medium,#988630
CXC,CXC 733,Olive Green medium,#988630
DMC,648,Beaver Grey light,#98988b
CXC,CXC 648,Beaver Grey light,#98988b
Ariadna,1626B,ash blue,#98a6d1
Finca,3733,Grey Green medium,#98aeae
Cosmo,731,731,#98b3c8
Sullivans,Sullivans 45472,Cornflower Blue Very Light,#98b3d9
DMC,13,Medium Light Nile Green,#98c29c
CXC,CXC 13,Medium Light Nile Green,#98c29c
Anchor,Anchor 20,Garnet Light,#99112e
Madeira,211,Christmas Red Bright,#991629
Madeira,2501,Bright Terracotta DK,#992a20
DMC,3722,Shell Pink medium,#99444d
CXC,CXC 3722,Shell Pink medium,#99444d
Cosmo,654,654,#99465a
DMC,301,Mahogany medium,#994725
CXC,CXC 301,Mahogany medium,#994725
Ariadna,1762A,cocoa medium,#996d7b
DMC,612,Drab Brown light,#99815a
CXC,CXC 612,Drab Brown light,#99815a
Madeira,1814,Beaver Grey VY LT,#99a197
Cosmo,2117,2117,#99b060
Anchor,Anchor 140,Royal Blue Light,#99b4d7
Anchor,Anchor 1092,Teal Light,#99d8d2
DMC,304,Christmas Red medium,#9a0029
CXC,CXC 304,Christmas Red medium,#9a0029
Cosmo,129,129,#9a412b
Cosmo,706,706,#9a5d26
Madeira,2103,Hazelnut Brown LT,#9a714a
DMC,832,Golden Olive,#9a762c
CXC,CXC 832,Golden Olive,#9a762c
Finca,8157,Beige Brown medium,#9a7c5c
Sullivans,Sullivans 45321,Brown Grey Light,#9a937d
DMC,524,Fern Green very light,#9aa284
CXC,CXC 524,Fern Green very light,#9aa284
Sullivans,Sullivans 45228,Blue Very Light,#9ac3e2
Finca,2110,Antique Mauve dark,#9b5b66
Cosmo,308,308,#9b6438
Anchor,Anchor 109,Lavender Light,#9b69ac
DMC,841,Beige Brown light,#9b7863
CXC,CXC 841,Beige Brown light,#9b7863
Cosmo,474,474,#9b888d
Madeira,1014,Blue LT,#9bc3cc
Sullivans,Sullivans 45299,Baby Green Medium,#9bc79e
Cosmo,412,412,#9bd2ee
Finca,2406,Plum,#9c2462
Cosmo,816A,816A,#9c2b54
DMC,3830,Terra Cotta,#9c3a36
CXC,CXC 3830,Terra Cotta,#9c3a36
DMC,3826,Golden Brown,#9c4d25
CXC,CXC 3826,Golden Brown,#9c4d25
Madeira,402,Terracotta Med LT,#9c4e40
Cosmo,762,762,#9c849d
Anchor,Anchor 848,Grey Blue Light,#9ca29e
Madeira,908,Blue Ultra VY LT,#9cc1c3
Cosmo,324,324,#9cc448
Cosmo,371,371,#9cc8c7
Anchor,Anchor 88,Mauve Medium,#9d2f6e
Sullivans,Sullivans 45366,Shell Pink Medium,#9d333f
Madeira,2714,Pink Purple DK,#9d3c71
Madeira,812,Shell Pink Med,#9d5864
Sullivans,Sullivans 45239,Beige Brown Light,#9d766a
DMC,3752,Antique Blue very light,#9db1bd
CXC,CXC 3752,Antique Blue very light,#9db1bd
Ariadna,1641,sea green light,#9dc2c2
Cosmo,842,842,#9dd5b7
Madeira,1210,Leaf Green VY LT,#9df6c1
Ariadna,1566,raspberry dark,#9e0b3a
Cosmo,485A,485A,#9e2679
DMC,3350,Dusty Rose ultra dark,#9e2946
CXC,CXC 3350,Dusty Rose ultra dark,#9e2946
Cosmo,2223,2223,#9e3061
Anchor,Anchor 340,Mahogany Medium Dark,#9e3812
Cosmo,465,465,#9e3f3d
Sullivans,Sullivans 45328,Yellow Beige Dark,#9e6843
Sullivans,Sullivans 45474,Grey Blue Light,#9ea3c8
Anchor,Anchor 254,Forest Green Very Light,#9ea668
Sullivans,Sullivans 45376,Antique Blue Very Light,#9eb7cc
Sullivans,Sullivans 45166,Plum,#9f0747
Sullivans,Sullivans 45423,Golden Brown,#9f361e
Sullivans,Sullivans 45199,Topaz Very Dark,#9f4d17
Sullivans,Sullivans 45200,Topaz Dark,#9f4d17
Sullivans,Sullivans 45158,Old Gold Dark,#9f5d2f
DMC,3045,Yellow Beige dark,#9f7646
CXC,CXC 3045,Yellow Beige dark,#9f7646
DMC,452,Shell Grey medium,#9f8b8b
CXC,CXC 452,Shell Grey medium,#9f8b8b
DMC,415,Pearl Grey,#9fa6b1
CXC,CXC 415,Pearl Grey,#9fa6b1
Anchor,Anchor 1096,Blue Grey Light,#9fb3c1
Anchor,Anchor 129,Sky Blue Light,#9fb4d8
DMC,3841,Baby Blue pale,#9fbcce
CXC,CXC 3841,Baby Blue pale,#9fbcce
Anchor,Anchor 160,Baby Blue,#9fc8e2
Sullivans,Sullivans 45465,Dusty Rose Ultra Very Dark,#a00a28
Ariadna,1780,golden brown dark,#a05028
Anchor,Anchor 901,Old Gold Dark,#a05f00
Sullivans,Sullivans 45425,Hazel Nut Brown,#a06a42
Finca,7073,Hazel Nut Brown dark,#a07042
Ariadna,1788,drab brown medium,#a08c3c
Ariadna,1792,gray chocolate,#a0965a
Ariadna,1797,beige grey dark,#a09664
Ariadna,1798,beige grey very dark,#a0995a
Madeira,1709,Blue Grey VY LT,#a0a19f
Anchor,Anchor 206,Jade Very Light,#a0cdb1
Ariadna,1686A,forest green,#a0cf9b
Ariadna,1664,peas,#a0f5aa
Sullivans,Sullivans 45049,Mahogany Medium,#a1381d
Finca,1984,Shell Pink dark,#a14b51
Cosmo,425,425,#a16d5b
DMC,166,Moss Green medium light,#a19f20
CXC,CXC 166,Moss Green medium light,#a19f20
Finca,3223,Blue light,#a1c2d7
Madeira,604,Plum,#a21c58
Sullivans,Sullivans 45096,Brown Very Light,#a25030
DMC,781,Topaz Very Dark,#a25f1f
CXC,CXC 781,Topaz Very Dark,#a25f1f
Madeira,2310,Flesh DK,#a2624d
DMC,3836,Grape light,#a26c90
CXC,CXC 3836,Grape light,#a26c90
Finca,1072,Topaz very dark,#a26d20
Madeira,2613,Dusty Violet DK,#a2728a
Anchor,Anchor 378,Dusty Flesh Medium,#a27567
Sullivans,Sullivans 45410,Blue Green Light,#a2beb3
Madeira,1409,Forest Green VY LT,#a2c078
DMC,162,Blue ultra very light,#a2c1d0
CXC,CXC 162,Blue ultra very light,#a2c1d0
Madeira,703,Cerise DK,#a30156
Madeira,507,Red,#a32541
Anchor,Anchor 63,Cerise,#a32c64
Sullivans,Sullivans 45045,Shell Pink Light,#a34256
Anchor,Anchor 76,Plum Medium Light,#a34663
Madeira,2602,Coffee Brown LT,#a35137
DMC,435,Brown very light,#a36134
CXC,CXC 435,Brown very light,#a36134
Anchor,Anchor 914,Flesh Dark,#a36b5b
Cosmo,773,773,#a38b35
DMC,372,Mustard light,#a39361
CXC,CXC 372,Mustard light,#a39361
DMC,3013,Khaki Green light,#a39f6a
CXC,CXC 3013,Khaki Green light,#a39f6a
Madeira,1511,Grey Green VY LT,#a3b49b
DMC,3348,Yellow Green light,#a3b86a
CXC,CXC 3348,Yellow Green light,#a3b86a
Cosmo,562,562,#a3d1c2
Sullivans,Sullivans 45130,Jade Very Light,#a3d4a8
Madeira,1208,Jade LT,#a3ffc7
Cosmo,858,858,#a4232a
Cosmo,815,815,#a42f5b
Cosmo,188,188,#a43328
DMC,920,Copper medium,#a43d25
CXC,CXC 920,Copper medium,#a43d25
DMC,3829,Old Gold very dark,#a46c2e
CXC,CXC 3829,Old Gold very dark,#a46c2e
Anchor,Anchor 1017,Antique Mauve Medium,#a46e79
Madeira,2210,Gold DK,#a47302
Cosmo,2307,2307,#a47348
Anchor,Anchor 945,Yellow Green Very Light,#a4975e
Sullivans,Sullivans 45318,Khaki Green Light,#a49865
Madeira,1803,Steel Grey VY LT,#a49f9e
Madeira,1001,Antique Blue VY LT,#a4c6d8
Sullivans,Sullivans 45381,Sky Blue Light,#a4dbe8
Madeira,212,Christmas Red DK,#a5010d
Anchor,Anchor 47,Christmas Red,#a51c00
Sullivans,Sullivans 45427,Terra Cotta,#a52929
Madeira,707,Mauve Med DK,#a53675
Madeira,2306,Mahogany LT,#a56033
Anchor,Anchor 943,Tan Medium,#a57148
Anchor,Anchor 1045,Golden Brown Medium Light,#a5753c
Cosmo,262,262,#a580bc
Cosmo,2036,2036,#a59087
Cosmo,822,822,#a59a3e
Ariadna,1635A,steel grey medium,#a5aec7
Anchor,Anchor 240,Pistachio Green Light,#a5bf96
Ariadna,1614,blue light,#a5c8f5
Sullivans,Sullivans 45479,Forest Green Light,#a5c98f
DMC,817,Coral Red very dark,#a60d1b
CXC,CXC 817,Coral Red very dark,#a60d1b
DMC,326,Rose very deep,#a61238
CXC,CXC 326,Rose very deep,#a61238
Sullivans,Sullivans 45346,Dusty Rose Ultra Dark,#a6173d
DMC,347,Salmon very dark,#a62030
CXC,CXC 347,Salmon very dark,#a62030
Ariadna,1556,garnet medium,#a63544
Cosmo,484A,484A,#a63c8a
Finca,7580,Red Copper,#a64510
DMC,209,Lavender dark,#a66cb3
CXC,CXC 209,Lavender dark,#a66cb3
DMC,680,Old Gold dark,#a67334
CXC,CXC 680,Old Gold dark,#a67334
Cosmo,282,282,#a674ba
DMC,3828,Hazelnut Brown,#a67946
CXC,CXC 3828,Hazelnut Brown,#a67946
Ariadna,1608,blue violet,#a680ca
Sullivans,Sullivans 45102,Shell Grey Medium,#a68c8c
Madeira,2109,Drab Brown LT,#a68e75
Sullivans,Sullivans 45085,Mustard Light,#a69267
Anchor,Anchor 831,Drab Brown Light,#a69380
Cosmo,172A,172A,#a69dce
Finca,8728,,#a6a6a8
Finca,5229,Khaki Green medium,#a6a75d
Anchor,Anchor 144,Navy Blue Ultra Very Light,#a6bdd9
Finca,4472,Pistachio Green light,#a6c298
Cosmo,533A,533A,#a6c49e
DMC,828,Blue ultra very light,#a6c9d4
CXC,CXC 828,Blue ultra very light,#a6c9d4
Sullivans,Sullivans 45263,Plum Medium,#a71152
DMC,718,Plum,#a7206f
CXC,CXC 718,Plum,#a7206f
Anchor,Anchor 1001,Golden Brown,#a75327
Sullivans,Sullivans 45434,Grape Light,#a76e9c
Sullivans,Sullivans 45145,Drab Brown Light,#a7875b
Finca,4812,Moss Green,#a7ae38
Anchor,Anchor 274,Grey Blue Very Light,#a7b2b5
Cosmo,922,922,#a7b88e
Cosmo,980,980,#a7bfc0
Finca,4379,Jade very light,#a7cdaf
DMC,3831,Raspberry dark,#a8203a
CXC,CXC 3831,Raspberry dark,#a8203a
Cosmo,108,108,#a82231
Sullivans,Sullivans 45266,Copper Medium,#a8231a
Anchor,Anchor 97,Violet Light,#a86896
Cosmo,552,552,#a89ccb
Sullivans,Sullivans 45408,Turquoise Very Light,#a8dade
Sullivans,Sullivans 45234,Golden Olive Light,#a97736
Anchor,Anchor 1084,Taupe,#a98966
Cosmo,316A,316A,#a9cba8
Cosmo,2011,2011,#a9d150
Cosmo,896,896,#a9dbd0
Finca,4048,Sea Green light,#a9e2d8
Cosmo,1241,1241,#aa163c
Ariadna,1742,mahogany,#aa3e0e
Cosmo,223,223,#aa427b
Cosmo,653,653,#aa6074
Madeira,2312,Peach Flesh Med,#aa6f50
Ariadna,1716,golden olive,#aa9634
Ariadna,1763,antique violet,#aa968c
Anchor,Anchor 391,Beige Grey Medium,#aa9e92
Cosmo,713,713,#aaa290
Ariadna,1804,olive gray light,#aab46e
Ariadna,1802,olive gray medium,#aab482
Cosmo,117,117,#aabe69
Madeira,1604,Laurel Green VY LT,#aad381
Ariadna,1640,sea green very light,#aadce1
Finca,2246,Mauve medium,#ab3357
Madeira,2609,Antique Plum Med,#ab3851
Ariadna,1585A,plum medium,#ab7bbd
Anchor,Anchor 279,Lime Green,#ab9b47
Ariadna,1811,pewter grey,#aba79e
DMC,2,Tin,#ababab
CXC,CXC 02,Tin,#ababab
Finca,8779,Steel Grey light,#ababab
Cosmo,683,683,#abae71
Finca,5140,Fern Green light,#abb197
DMC,168,Pewter very light,#abb3b7
CXC,CXC 168,Pewter very light,#abb3b7
DMC,928,Grey Green very light,#abb5b1
CXC,CXC 928,Grey Green very light,#abb5b1
DMC,321,Christmas Red,#ac0025
CXC,CXC 321,Christmas Red,#ac0025
Madeira,210,Christmas Red LT,#ac172d
Anchor,Anchor 68,Dusty Plum Medium,#ac396f
Anchor,Anchor 1024,Dusty Rose Medium,#ac444d
DMC,782,Topaz dark (781),#ac6520
CXC,CXC 782,Topaz dark (781),#ac6520
Anchor,Anchor 1048,Copper Medium,#ac6735
Madeira,2102,Hazelnut Brown VY LT,#ac845e
Sullivans,Sullivans 45042,Lavender Medium,#ac8fd7
DMC,3782,Mocha Brown light,#ac9278
CXC,CXC 3782,Mocha Brown light,#ac9278
Cosmo,2034,2034,#ac93a6
DMC,613,Drab Brown very light,#ac966d
CXC,CXC 613,Drab Brown very light,#ac966d
Madeira,1901,Beige Grey LT,#aca194
Cosmo,890,890,#aca99c
Sullivans,Sullivans 45120,Fern Green Very Light,#acaf8d
Finca,3556,Sky Blue light,#acd8e2
DMC,504,Blue Green Very Light,#acdac1
CXC,CXC 504,Blue Green Very Light,#acdac1
Anchor,Anchor 928,Blue Green Very Light,#acdae6
DMC,309,Rose deep,#ad203e
CXC,CXC 309,Rose deep,#ad203e
Sullivans,Sullivans 45356,Mauve,#ad345f
DMC,356,Terra Cotta medium,#ad4f45
CXC,CXC 356,Terra Cotta medium,#ad4f45
Finca,7731,Golden Brown,#ad7239
Madeira,803,Lavender DK,#ad7dbd
Ariadna,1794B,beige grey ultra dark,#ada090
DMC,3747,Blue Violet very light,#adbadf
CXC,CXC 3747,Blue Violet very light,#adbadf
Anchor,Anchor 264,Avocado Green Ultra Very Light,#adbb85
DMC,747,Sky Blue very light,#addbe1
CXC,CXC 747,Sky Blue very light,#addbe1
Anchor,Anchor 19,Pink Bright Ultra Very,#ae1a3c
Cosmo,346,346,#ae2229
Sullivans,Sullivans 45079,Terra Cotta Medium,#ae3d3c
Madeira,311,Copper Med,#ae471f
Cosmo,464,464,#ae534f
Cosmo,2031,2031,#ae6ba6
Cosmo,705A,705A,#ae6f29
Finca,8017,,#ae8d82
Sullivans,Sullivans 45154,Beaver Grey Light,#aea696
Sullivans,Sullivans 45481,Moss Green Medium Light,#aeab22
Madeira,1805,Grey Green Ultra VY,#aeb3af
Finca,4885,Avocado Green very light,#aebf79
Cosmo,2021,2021,#aee2e9
DMC,600,Cranberry very dark,#af0047
CXC,CXC 600,Cranberry very dark,#af0047
Sullivans,Sullivans 45064,Rose Very Deep,#af0126
DMC,316,Antique Mauve medium,#af6a7f
CXC,CXC 316,Antique Mauve medium,#af6a7f
Ariadna,1592,violet light,#af71ab
Madeira,2211,Topaz Med DK,#af720d
Sullivans,Sullivans 45091,Pearl Grey,#afb3bb
Cosmo,162A,162A,#afc6d4
Cosmo,270,270,#afd762
Cosmo,241A,241A,#b0202f
Ariadna,1750,terracotta dark,#b0403a
Cosmo,234,234,#b08294
DMC,833,Golden Olive light,#b08d3e
CXC,CXC 833,Golden Olive light,#b08d3e
Sullivans,Sullivans 45394,Mocha Brown Light,#b09680
DMC,734,Olive Green light,#b09d47
CXC,CXC 734,Olive Green light,#b09d47
Finca,8567,Beaver Grey medium,#b0a69c
DMC,16,Light Chartreuse,#b0b56a
CXC,CXC 16,Light Chartreuse,#b0b56a
Ariadna,1608B,lavender,#b0bbeb
Ariadna,1632,antique blue very light,#b0c3d4
Anchor,Anchor 159,Baby Blue Light,#b0d4e9
DMC,3687,Mauve,#b13d64
CXC,CXC 3687,Mauve,#b13d64
Anchor,Anchor 1003,Salmon,#b15824
Cosmo,433,433,#b16d8a
DMC,407,Clay Brown (3773),#b17260
CXC,CXC 407,Clay Brown (3773),#b17260
Madeira,2011,Tan,#b17329
DMC,3864,Mocha Beige light,#b1896f
CXC,CXC 3864,Mocha Beige light,#b1896f
Cosmo,473,473,#b19fa2
DMC,3753,Antique Blue ultra very light,#b1c6d7
CXC,CXC 3753,Antique Blue ultra very light,#b1c6d7
Cosmo,522,522,#b1c9de
Madeira,1104,Wedgewood Ultra VY L,#b1f0e0
Sullivans,Sullivans 45050,Christmas Red Medium,#b20125
Anchor,Anchor 308,Topaz Medium,#b25c07
DMC,3859,Rosewood light,#b26d5c
CXC,CXC 3859,Rosewood light,#b26d5c
Cosmo,575A,575A,#b28034
Cosmo,2151,2151,#b2ada3
Madeira,1610,Sage Green VY LT,#b2af3d
Cosmo,671,671,#b2af50
Cosmo,366,366,#b2b194
Sullivans,Sullivans 45113,Blue Green Very Light,#b2d4bd
Sullivans,Sullivans 45290,Nile Green Light,#b2eeb5
Sullivans,Sullivans 45052,Rose Deep,#b30e2c
Cosmo,2002,2002,#b32370
Cosmo,107,107,#b32b41
Finca,1667,Rose very deep,#b33b4b
DMC,223,Shell Pink light,#b35c65
CXC,CXC 223,Shell Pink light,#b35c65
Finca,7740,Mahogany medium,#b35f2b
Sullivans,Sullivans 45088,Clay Brown (3773),#b36862
Sullivans,Sullivans 45387,Desert Sand Medium,#b36862
Ariadna,1577,shell pink medium,#b37586
Anchor,Anchor 874,Gold Very Light,#b39360
Cosmo,333,333,#b3ddb3
Ariadna,1757,red chestnut,#b43c3c
Anchor,Anchor 339,Mahogany,#b44a22
Ariadna,1724,olive brown very dark,#b48c32
Madeira,2711,Antique Lavender DK,#b48fbc
DMC,6,Medium Light Driftwood,#b4a293
CXC,CXC 06,Medium Light Driftwood,#b4a293
Anchor,Anchor 869,Antique Violet Very Light,#b4a2ae
Ariadna,1807,beaver grey medium,#b4a78c
Cosmo,2009,2009,#b4ae3f
Ariadna,1705,khaki green,#b4b464
Ariadna,1604,blue violet light,#b4b4d2
Anchor,Anchor 253,Forest Green Ultra Very Light,#b4bb8e
Ariadna,1635C,pewter grey medium,#b4c6cf
Ariadna,1692,avocado green light,#b4c85a
Ariadna,1622,cornflower very light,#b4c8f5
DMC,775,Baby Blue very light,#b4cfdb
CXC,CXC 775,Baby Blue very light,#b4cfdb
Ariadna,1698,parrot green,#b4e600
Sullivans,Sullivans 45097,Tan,#b56944
Madeira,2212,Topaz DK,#b5750d
Sullivans,Sullivans 45126,Violet Light,#b581bd
Madeira,2203,Old Gold,#b58a2e
Anchor,Anchor 362,Tan Medium Light,#b58e63
Anchor,Anchor 108,Lavender Very Light,#b58ec3
Anchor,Anchor 260,Laurel Green Light,#b5c19b
Sullivans,Sullivans 45439,Baby Blue Pale,#b5d6e5
Anchor,Anchor 13,Coral Dark,#b60800
Cosmo,345,345,#b6232a
Cosmo,2242,2242,#b62d53
Anchor,Anchor 38,Dusty Pink,#b64758
Anchor,Anchor 326,Orange Spice Dark,#b64c1f
Ariadna,1740,honey dark,#b65b12
Anchor,Anchor 1008,Flesh Medium,#b68571
Cosmo,382,382,#b69b91
Sullivans,Sullivans 45345,Yellow Green Light,#b6b56d
Anchor,Anchor 117,Blue Violet Very Light,#b6c3e5
Anchor,Anchor 1032,Antique Blue Very Light,#b6c7d5
Finca,1906,Christmas Red medium,#b71f33
Sullivans,Sullivans 45457,Rosewood Light,#b75f52
Sullivans,Sullivans 45057,Antique Mauve Medium,#b76186
Sullivans,Sullivans 45334,Desert Sand,#b76459
Finca,2098,Antique Mauve medium,#b7737f
Sullivans,Sullivans 45178,Olive Green Light,#b79445
Finca,8605,Antique Violet light,#b79da7
Sullivans,Sullivans 45483,Pewter Very Light,#b7c1c3
Cosmo,857,857,#b82931
Madeira,506,Baby Pink VY DK,#b8405b
Ariadna,1595,heather dark,#b85893
Anchor,Anchor 1013,Terracotta,#b8674c
DMC,3064,Desert Sand,#b87359
CXC,CXC 3064,Desert Sand,#b87359
Finca,8069,Brown very light,#b87748
Cosmo,772,772,#b89b46
DMC,3819,Moss Green light,#b8b738
CXC,CXC 3819,Moss Green light,#b8b738
Anchor,Anchor 847,Grey Blue Ultra Very Light,#b8c3c6
Cosmo,630A,630A,#b8cc78
Cosmo,506,506,#b91d58
Anchor,Anchor 895,Shell Pink Medium,#b97472
DMC,436,Tan,#b97c4a
CXC,CXC 436,Tan,#b97c4a
Anchor,Anchor 363,Golden Brown Light,#b98347
Ariadna,1783,cocoa,#b99f87
DMC,3024,Brown Grey very light,#b9b09f
CXC,CXC 3024,Brown Grey very light,#b9b09f
Anchor,Anchor 343,Antique Blue Light,#b9c0cd
Cosmo,921,921,#b9c8a3
Cosmo,2251,2251,#b9dcdd
Sullivans,Sullivans 45229,Blue Ultra Very Light,#b9dde5
DMC,3804,Cyclamen Pink dark,#ba1861
CXC,CXC 3804,Cyclamen Pink dark,#ba1861
Finca,1661,Rose deep,#ba4a4a
DMC,644,Beige Grey medium,#bab094
CXC,CXC 644,Beige Grey medium,#bab094
Anchor,Anchor 42,Rose Very Dark,#bb4059
Cosmo,814,814,#bb4170
Finca,7944,Desert Sand dark,#bb8161
Anchor,Anchor 368,Coffee,#bb8f6e
Madeira,1910,Beige Brown LT,#bb9784
DMC,3743,Antique Violet very light,#bba9b8
CXC,CXC 3743,Antique Violet very light,#bba9b8
DMC,5,Light Driftwood,#bbafa5
CXC,CXC 05,Light Driftwood,#bbafa5
DMC,26,Pale Lavender,#bbb0d1
CXC,CXC 26,Pale Lavender,#bbb0d1
DMC,472,Avocado Green ultra light,#bbbb60
CXC,CXC 472,Avocado Green ultra light,#bbbb60
Anchor,Anchor 1060,Teal Ultra Light,#bbe3ea
Finca,2165,Dusty Rose ultra dark,#bc4365
Cosmo,483,483,#bc4a9b
DMC,921,Copper,#bc4d2e
CXC,CXC 921,Copper,#bc4d2e
Finca,7155,Old Gold dark,#bc8d0e
DMC,422,Hazelnut Brown light,#bc935b
CXC,CXC 422,Hazelnut Brown light,#bc935b
Finca,7392,Yellow Beige dark,#bc966a
Cosmo,307,307,#bc9769
Finca,8310,Drab Brown light,#bc9a78
Anchor,Anchor 887,Yellow Beige Medium,#bcae84
Finca,8562,Beaver Grey light,#bcb4ac
Anchor,Anchor 858,Fern Green Very Light,#bcc9b1
Sullivans,Sullivans 45082,Pistachio Green Very Light,#bcd1a1
Madeira,1701,Sea Foam Green LT,#bcd9c6
DMC,349,Coral dark,#bd1c29
CXC,CXC 349,Coral dark,#bd1c29
Finca,1166,,#bd2108
Madeira,208,Orange DK,#bd3a03
DMC,3776,Mahogany light,#bd5f36
CXC,CXC 3776,Mahogany light,#bd5f36
Sullivans,Sullivans 45173,Old Gold Medium,#bd7236
Cosmo,2424,2424,#bd856f
Finca,7057,Golden Olive,#bd9b51
Anchor,Anchor 231,Shell Grey Light,#bdaaa7
Sullivans,Sullivans 45107,Avocado Green Ultra Light,#bdb360
Madeira,1414,Avocado Green Pale,#bdb959
Finca,3721,Grey Green light,#bdcbcb
Finca,3802,Blue very light,#bddded
Cosmo,411,411,#bde4f2
Cosmo,106,106,#be374c
Cosmo,855,855,#be3b39
Cosmo,128,128,#be5f42
Ariadna,1770,desert sand light,#be8264
Ariadna,1752,rosewood dark,#be826e
DMC,210,Lavender medium,#be91cd
CXC,CXC 210,Lavender medium,#be91cd
Sullivans,Sullivans 45240,Beige Brown Very Light,#be988c
Sullivans,Sullivans 45372,Antique Violet Very Light,#beb0c6
Madeira,1605,Khaki Green LT,#beb16e
Ariadna,1684,green very light,#bed25a
Sullivans,Sullivans 45477,Blue Ultra Very Light,#bee0eb
Cosmo,561,561,#bee5d0
Ariadna,1650,heather very light,#beffff
Sullivans,Sullivans 45219,Coral Red Very Dark,#bf0013
Sullivans,Sullivans 45429,Raspberry Dark,#bf162c
Finca,1490,Salmon very dark,#bf2d2d
DMC,3607,Plum light,#bf3d8f
CXC,CXC 3607,Plum light,#bf3d8f
Ariadna,1555C,salmon pink very dark,#bf4949
Madeira,406,Salmon DK,#bf4e59
Cosmo,463,463,#bf706b
DMC,842,Beige Brown very light,#bf9f87
CXC,CXC 842,Beige Brown very light,#bf9f87
DMC,453,Shell Grey light,#bfada6
CXC,CXC 453,Shell Grey light,#bfada6
Anchor,Anchor 120,Blue Purple Very Light,#bfcfe9
Cosmo,2323,2323,#bfd771
Sullivans,Sullivans 45135,Cranberry Very Dark,#c0043e
Cosmo,800,800,#c02129
Madeira,213,Coral DK,#c0232e
Cosmo,406,406,#c03627
DMC,21,Light Alizarin,#c0614d
CXC,CXC 21,Light Alizarin,#c0614d
Madeira,2302,Golden Brown LT,#c0753e
Sullivans,Sullivans 45093,Hazel Nut Brown Light,#c08d65
Cosmo,761,761,#c0a9bc
Finca,8599,Shell Grey medium,#c0b3ae
Cosmo,821,821,#c0b65b
Madeira,2604,Nile Green DK,#c0bf9e
Finca,3305,Delft Blue pale,#c0ccde
Cosmo,730,730,#c0d5de
Madeira,702,Cerise,#c10064
DMC,3731,Dusty Rose very dark,#c1405f
CXC,CXC 3731,Dusty Rose very dark,#c1405f
DMC,3328,Salmon dark,#c1424b
CXC,CXC 3328,Salmon dark,#c1424b
Anchor,Anchor 1023,Dusty Rose,#c1606a
DMC,3778,Terra Cotta light,#c1695a
CXC,CXC 3778,Terra Cotta light,#c1695a
Cosmo,704,704,#c1782b
Anchor,Anchor 969,Dusty Violet Medium,#c18c8d
Sullivans,Sullivans 45462,Mocha Beige Light,#c1957b
Anchor,Anchor 90,Purple Light,#c197b5
Cosmo,2281,2281,#c19bc9
Cosmo,472,472,#c1aeae
Cosmo,171A,171A,#c1bcdb
Anchor,Anchor 234,Pearl Grey Very Light,#c1bfc4
DMC,369,Pistachio Green very light,#c1d49d
CXC,CXC 369,Pistachio Green very light,#c1d49d
Ariadna,1548,christmas red,#c20000
Sullivans,Sullivans 45352,Plum Light,#c22872
Ariadna,1563,raspberry,#c24065
Madeira,310,Copper Med LT,#c25b34
Madeira,711,Violet LT,#c26dab
Finca,7726,Golden Brown medium,#c28142
DMC,729,Old Gold medium,#c28940
CXC,CXC 729,Old Gold medium,#c28940
Anchor,Anchor 372,Tan,#c29f6c
Madeira,1806,Shell Grey LT,#c2aeac
DMC,3072,Beaver Grey very light,#c2c6be
CXC,CXC 3072,Beaver Grey very light,#c2c6be
Anchor,Anchor 128,Sky Blue Very Light,#c2d6f8
DMC,772,Yellow Green very light,#c2da97
CXC,CXC 772,Yellow Green very light,#c2da97
Cosmo,269,269,#c2de70
Anchor,Anchor 29,Baby Pink Ultra Very Dark,#c31e37
Ariadna,1530,apricot ultra dark,#c33204
Cosmo,187,187,#c33f2c
Madeira,2502,Bright Terracotta Me,#c3463b
Anchor,Anchor 87,Mauve,#c34b99
Anchor,Anchor 62,Cerise Light,#c34c84
Ariadna,1741,mahogany light,#c35a1e
DMC,3852,Straw very dark,#c3801b
CXC,CXC 3852,Straw very dark,#c3801b
Anchor,Anchor 890,Old Gold Medium,#c38531
Madeira,802,Lavender LT,#c399d2
Anchor,Anchor 388,Beige Brown Light,#c3b1a7
Madeira,209,Orange VY DK,#c41b35
DMC,976,Golden Brown medium,#c46a2c
CXC,CXC 976,Golden Brown medium,#c46a2c
DMC,554,Violet light,#c48bc3
CXC,CXC 554,Violet light,#c48bc3
Madeira,2209,Gold Med,#c4921f
Anchor,Anchor 956,Yellow Green Ultra Very Light,#c4bc96
Anchor,Anchor 842,Khaki Green Light,#c4be9c
DMC,762,Pearl Grey very light,#c4c5ce
CXC,CXC 762,Pearl Grey very light,#c4c5ce
Sullivans,Sullivans 45374,Blue Violet Very Light,#c4cce3
Sullivans,Sullivans 45272,Grey Green Very Light,#c4cfc9
Sullivans,Sullivans 45377,Antique Blue Ultra Light,#c4d8e4
Finca,4218,Blue Green light,#c4decc
Sullivans,Sullivans 45073,Coral Dark,#c50018
Finca,2402,Plum light,#c54989
Finca,7813,Terra Cotta medium,#c56a5b
Cosmo,574,574,#c5984b
Madeira,2204,Old Gold LT,#c59c47
DMC,3046,Yellow Beige medium,#c5a966
CXC,CXC 3046,Yellow Beige medium,#c5a966
Cosmo,2006,2006,#c5aa33
Cosmo,712,712,#c5bfb2
DMC,1,White Tin,#c5c5c5
CXC,CXC 01,White Tin,#c5c5c5
Anchor,Anchor 213,Misty Green Ultra Very Light,#c5c7b6
Anchor,Anchor 975,Blue Very Light,#c5cdd6
Sullivans,Sullivans 45062,Christmas Red,#c60018
DMC,601,Cranberry dark,#c61b57
CXC,CXC 601,Cranberry dark,#c61b57
DMC,900,Burnt Orange dark,#c63423
CXC,CXC 900,Burnt Orange dark,#c63423
DMC,3832,Raspberry medium,#c63850
CXC,CXC 3832,Raspberry medium,#c63850
Madeira,708,Mauve Med,#c64297
Anchor,Anchor 41,Rose Dark,#c64e67
Finca,7644,Copper,#c66218
Cosmo,703,703,#c68030
Finca,7386,Hazel Nut Brown light,#c69f7b
Cosmo,261,261,#c6a2cb
Cosmo,2005,2005,#c6b244
Ariadna,1561,cranberry dark,#c7002e
Finca,1902,Christmas Red,#c72b3b
Sullivans,Sullivans 45450,Straw Very Dark,#c7671f
DMC,834,Golden Olive very light,#c7a550
CXC,CXC 834,Golden Olive very light,#c7a550
Cosmo,3115,3115,#c81b45
Anchor,Anchor 9046,Christmas Red Bright,#c82300
Ariadna,1529,apricot very dark,#c83c00
Ariadna,1760,soiled coral,#c84b50
Madeira,610,Dusty Rose VY DK,#c84f89
Anchor,Anchor 883,Antique Mahogany,#c8755a
Ariadna,1779,golden brown medium,#c8782d
Ariadna,1729,old gold very dark,#c88c46
Ariadna,1778,golden brown,#c8a064
Finca,7046,Golden Olive light,#c8ab6c
Cosmo,771,771,#c8b060
Sullivans,Sullivans 45150,Beige Grey Medium,#c8bd9f
Ariadna,1711,olive green,#c8be50
Ariadna,1815,steel,#c8beaf
Ariadna,1704,khaki green light,#c8c882
Ariadna,1646,grey green light,#c8d2c8
Sullivans,Sullivans 45188,Sky Blue Very Light,#c8eff1
Anchor,Anchor 9159,Baby Blue Very Light,#c8f1ff
Ariadna,1697,parrot green light,#c8ff32
DMC,666,Christmas Red bright,#c90023
CXC,CXC 666,Christmas Red bright,#c90023
Ariadna,1555,christmas red dark,#c92b55
Sullivans,Sullivans 45391,Terra Cotta Light,#c95551
Madeira,505,Baby Pink DK,#c95770
Sullivans,Sullivans 45201,Topaz Medium,#c96126
Cosmo,2222,2222,#c96899
Finca,2240,Mauve,#c96b70
DMC,3727,Antique Mauve light,#c9899c
CXC,CXC 3727,Antique Mauve light,#c9899c
Anchor,Anchor 96,Violet Very Light,#c98cb8
Ariadna,1576,shell pink,#c991a6
DMC,778,Antique Mauve very light,#c9949e
CXC,CXC 778,Antique Mauve very light,#c9949e
Sullivans,Sullivans 45235,Golden Olive Very Light,#c99852
Madeira,1907,Beige Grey Med LT,#c9af9a
Ariadna,1582,antique violet light,#c9b1c1
Cosmo,380,380,#c9b5ac
Cosmo,551,551,#c9bcd8
Ariadna,1673,soiled green,#c9da96
Sullivans,Sullivans 45072,Salmon Very Dark,#ca1e29
Cosmo,344,344,#ca2d32
Anchor,Anchor 334,Orange Red Very Dark,#ca3c00
Sullivans,Sullivans 45305,Golden Brown Medium,#ca542d
Sullivans,Sullivans 45357,Mauve Medium,#ca5884
Madeira,813,Shell Pink,#ca8591
Anchor,Anchor 1016,Antique Mauve Very Light,#ca97a1
Anchor,Anchor 1082,Taupe Medium Light,#caae8c
Sullivans,Sullivans 45195,Baby Blue Very Light,#cae2e8
Madeira,1101,Blue VY LT,#cae8eb
Cosmo,2186,2186,#cb5435
Sullivans,Sullivans 45368,Antique Mauve Light,#cb829d
Cosmo,151,151,#cbc4b3
Sullivans,Sullivans 45251,Burnt Orange Dark,#cc0d18
DMC,3805,Cyclamen Pink,#cc2b73
CXC,CXC 3805,Cyclamen Pink,#cc2b73
Ariadna,1553,light red,#cc2f2f
Sullivans,Sullivans 45389,Mahogany Light,#cc5030
Anchor,Anchor 338,Mahogany Light,#cc6144
Ariadna,1574,shell pink dark,#cc7882
Cosmo,2652,2652,#cc7f91
DMC,152,Shell Pink medium light,#cc8285
CXC,CXC 152,Shell Pink medium light,#cc8285
Finca,1981,Shell Pink light,#cc847c
DMC,19,Medium Light Autumn Gold,#cc9c52
CXC,CXC 19,Medium Light Autumn Gold,#cc9c52
Madeira,2612,Dusty Violet Med,#cca1b6
Sullivans,Sullivans 45329,Yellow Beige Medium,#cca46c
Finca,5224,Mustard light,#ccb784
Sullivans,Sullivans 45103,Shell Grey Light,#ccbab2
Anchor,Anchor 852,Avocado Ultra Very Light,#ccc2a5
Anchor,Anchor 830,Drab Brown Very Light,#ccc3bc
Cosmo,2010,2010,#ccde52
Cosmo,323,323,#cce08b
Cosmo,505A,505A,#cd2c71
Sullivans,Sullivans 45267,Copper,#cd3624
Cosmo,573,573,#cdaa6d
Madeira,2001,Mocha Brown LT,#cdb8a1
Sullivans,Sullivans 45043,Lavender Light,#cdb8ea
DMC,165,Moss Green very light,#cdc965
CXC,CXC 165,Moss Green very light,#cdc965
DMC,15,Apple Green,#cdd684
CXC,CXC 15,Apple Green,#cdd684
Madeira,2504,Wedgewood VY LT,#cdd7d9
Cosmo,521A,521A,#cde0e2
Ariadna,1610,blue very light,#cdf0ff
Ariadna,1639,sea green ultra light,#cdf0ff
Anchor,Anchor 35,Pink Bright Dark,#ce4060
Cosmo,813,813,#ce6b8b
Sullivans,Sullivans 45467,Shell Pink Medium Light,#ce7885
Madeira,2601,Coffee Brown VY LT,#ce8d78
Finca,1068,Topaz medium,#ce9124
Ariadna,1588A,lavender dark,#ce96e3
Cosmo,233,233,#cea7ae
Madeira,2206,Avocado VY LT,#ceb471
DMC,10,Very Light Tender Green,#ceceb8
CXC,CXC 10,Very Light Tender Green,#ceceb8
Sullivans,Sullivans 45322,Brown Grey Very Light,#cecebe
DMC,14,Pale Apple Green,#ced194
CXC,CXC 14,Pale Apple Green,#ced194
Cosmo,629,629,#ced78e
Ariadna,1569,cyclamen pink dark,#cf0079
Cosmo,240,240,#cf2448
Sullivans,Sullivans 45369,Dusty Rose Very Dark,#cf305d
DMC,3833,Raspberry light,#cf556a
CXC,CXC 3833,Raspberry light,#cf556a
DMC,3712,Salmon medium,#cf575c
CXC,CXC 3712,Salmon medium,#cf575c
Ariadna,1565A,raspberry medium,#cf6c7b
DMC,3773,Desert Sand Medium,#cf866d
CXC,CXC 3773,Desert Sand Medium,#cf866d
Ariadna,1579,antique rose,#cf93b2
DMC,12,Tender Green,#cfc662
CXC,CXC 12,Tender Green,#cfc662
Madeira,901,Blue Violet VY LT,#cfccfc
Madeira,709,Mauve LT,#d064aa
DMC,783,Topaz medium,#d0842c
CXC,CXC 783,Topaz medium,#d0842c
DMC,25,Ultra Light Lavender,#d0cadb
CXC,CXC 25,Ultra Light Lavender,#d0cadb
Madeira,1309,Pistachio Green VY L,#d0fab6
Finca,1344,Burnt Orange dark,#d15807
DMC,3853,Autumn Gold dark,#d1642c
CXC,CXC 3853,Autumn Gold dark,#d1642c
DMC,3688,Mauve medium,#d16987
CXC,CXC 3688,Mauve medium,#d16987
Anchor,Anchor 894,Shell Pink Medium Light,#d19291
DMC,437,Tan light,#d19c6a
CXC,CXC 437,Tan light,#d19c6a
DMC,153,Violet very light,#d19ec4
CXC,CXC 153,Violet very light,#d19ec4
Madeira,1804,Pearl Grey VY LT,#d1cdcc
Ariadna,1801A,brown grey light,#d1d6c7
Cosmo,116,116,#d1dd8c
Anchor,Anchor 158,Baby Blue Ultra Very Light,#d1f3f5
Sullivans,Sullivans 45401,Cyclamen Pink Dark,#d2165a
Anchor,Anchor 335,Orange Red,#d23918
DMC,720,Orange Spice dark,#d2421b
CXC,CXC 720,Orange Spice dark,#d2421b
Anchor,Anchor 57,Pink Mauve Medium Dark,#d24a8a
Ariadna,1535,red copper dark,#d26414
Madeira,605,Plum LT,#d26d9d
Cosmo,462,462,#d28984
Cosmo,652,652,#d296a3
Finca,2606,Lavender medium,#d29fc3
DMC,3033,Mocha Brown very light,#d2bda6
CXC,CXC 3033,Mocha Brown very light,#d2bda6
Cosmo,682,682,#d2d5a1
Anchor,Anchor 1031,Antique Blue Ultra Very Light,#d2e0f0
Ariadna,1679,aquamarine light,#d2fac8
Sullivans,Sullivans 45136,Cranberry Dark,#d30d4e
Anchor,Anchor 46,Christmas Red Light,#d32400
Cosmo,503,503,#d33b92
Cosmo,2835,2835,#d34668
Madeira,609,Dusty Rose DK,#d3689b
Anchor,Anchor 868,Peach Flesh,#d38670
Cosmo,424,424,#d39d87
Anchor,Anchor 347,Chocolate Light,#d3a580
Cosmo,281,281,#d3b2d5
Anchor,Anchor 886,Yellow Beige Light,#d3c3a7
Cosmo,365,365,#d3d2bb
Finca,8773,Pearl Grey,#d3d3d6
Anchor,Anchor 1098,Red,#d41829
DMC,350,Coral medium,#d43434
CXC,CXC 350,Coral medium,#d43434
Sullivans,Sullivans 45339,Salmon Dark,#d4363f
DMC,335,Rose,#d44464
CXC,CXC 335,Rose,#d44464
Anchor,Anchor 333,Orange Very Dark,#d44805
Ariadna,1570,mauve light,#d47fb1
DMC,224,Shell Pink very light,#d48f8b
CXC,CXC 224,Shell Pink very light,#d48f8b
Madeira,2012,Tan LT,#d49b56
Cosmo,306,306,#d4b592
Sullivans,Sullivans 45335,Beaver Grey Very Light,#d4d7c9
Cosmo,2573,2573,#d5a354
DMC,738,Tan very light,#d5a978
CXC,CXC 738,Tan very light,#d5a978
DMC,17,Light Yellow Plum,#d5c551
CXC,CXC 17,Light Yellow Plum,#d5c551
Anchor,Anchor 397,Pearl Grey Ultra Very Light,#d5d4c9
Cosmo,854,854,#d65650
Cosmo,482,482,#d677b9
Anchor,Anchor 307,Topaz Light,#d68017
DMC,3820,Straw dark,#d6962b
CXC,CXC 3820,Straw dark,#d6962b
Cosmo,432A,432A,#d69fb7
Sullivans,Sullivans 45468,Violet Very Light,#d6aada
DMC,211,Lavender light,#d6b5e3
CXC,CXC 211,Lavender light,#d6b5e3
Sullivans,Sullivans 45416,Moss Green Light,#d6d452
DMC,602,Cranberry medium,#d7306d
CXC,CXC 602,Cranberry medium,#d7306d
Cosmo,504,504,#d73386
DMC,922,Copper light,#d7633a
CXC,CXC 922,Copper light,#d7633a
DMC,3608,Plum very light,#d770ad
CXC,CXC 3608,Plum very light,#d770ad
Ariadna,1756,red chestnut light,#d78c6e
Anchor,Anchor 893,Shell Pink Light,#d7aaa8
Anchor,Anchor 342,Lavender Ultra Very Light,#d7b3e0
Finca,8145,Shell Grey light,#d7cecb
Anchor,Anchor 278,Lime Green Light,#d7cf6d
Cosmo,820,820,#d7d27f
Ariadna,1669,thyme light,#d7e2b4
Anchor,Anchor 1037,Blue Ultra Very Light,#d7e5ea
Anchor,Anchor 1042,Sea Foam Green Very Light,#d7f0d6
Anchor,Anchor 11,Coral Medium,#d8574f
Madeira,309,Copper LT,#d86236
Cosmo,2702,2702,#d89b31
Anchor,Anchor 4146,Flesh Light,#d89d8c
Cosmo,711,711,#d8d0bf
Cosmo,2007,2007,#d8e266
Finca,4799,Avocado Green ultra,#d8e498
Cosmo,2211,2211,#d8e9df
Ariadna,1542,coral dark,#d9091d
Ariadna,1554,red,#d91515
Cosmo,2115,2115,#d9225d
DMC,961,Dusty Rose dark,#d94b6f
CXC,CXC 961,Dusty Rose dark,#d94b6f
Madeira,403,Terracotta LT,#d99082
Sullivans,Sullivans 45197,Antique Mauve Very Light,#d993a1
Anchor,Anchor 942,Tan Light,#d9ab82
Ariadna,1586,plum light,#d9b0d5
Anchor,Anchor 367,Coffee Light,#d9b490
Anchor,Anchor 95,Violet Ultra Very Light,#d9bbdd
DMC,18,Yellow Plum,#d9bf4a
CXC,CXC 18,Yellow Plum,#d9bf4a
Ariadna,1763A,cocoa light,#d9c1c9
DMC,27,White Violet,#d9d4d8
CXC,CXC 27,White Violet,#d9d4d8
Cosmo,520,520,#d9e1e5
Ariadna,1626A,light blue grey,#d9e2ff
Ariadna,1691D,moss green,#d9eb63
Finca,8683,Baby Blue very light,#d9ebf1
Cosmo,405,405,#da4125
Cosmo,186,186,#da6746
Finca,2159,Dusty Rose very dark,#da6783
Cosmo,127,127,#da8765
Sullivans,Sullivans 45098,Tan Light,#da916a
Cosmo,431,431,#daa5b7
Cosmo,232,232,#dab6b7
Sullivans,Sullivans 45325,Mocha Brown Very Light,#dac1af
Cosmo,2004,2004,#dac654
Sullivans,Sullivans 45146,Drab Brown Very Light,#dac9a6
Anchor,Anchor 387,Beige Brown Very Light,#dad2c1
Cosmo,410A,410A,#daeff6
Anchor,Anchor 1043,Pistachio Green Very Light,#daf6ca
Anchor,Anchor 28,Baby Pink Very Dark,#db3e56
Cosmo,2105,2105,#db4f6e
Madeira,206,Orange Red,#db5313
Cosmo,834A,834A,#db6684
Madeira,405,Salmon Med,#db7781
Sullivans,Sullivans 45417,Straw Dark,#db8b35
DMC,758,Terra Cotta very light,#db917a
CXC,CXC 758,Terra Cotta very light,#db917a
DMC,3047,Yellow Beige light,#dbc991
CXC,CXC 3047,Yellow Beige light,#dbc991
Anchor,Anchor 390,Beige Grey Light,#dbd6c9
Finca,3132,Antique Blue ultra very light,#dbe2e9
Sullivans,Sullivans 45402,Cyclamen Pink,#dc276c
Ariadna,1528,apricot dark,#dc5014
Ariadna,1738,brick red dark,#dc6428
Ariadna,1534,red copper medium,#dc781e
Cosmo,222,222,#dc80ac
Ariadna,1596,heather,#dc80b4
Ariadna,1761,soiled coral light,#dc8264
Ariadna,1728,old gold dark,#dca04a
Ariadna,1769,flesh-coloured very dark,#dca57d
Ariadna,1719,olive brown light,#dcbe64
Ariadna,1764,antique violet light,#dcc8b4
Ariadna,1710,olive green light,#dcd264
Ariadna,1691,avocado green very light,#dcdc6e
Ariadna,1703,khaki green light,#dcdc82
Ariadna,1787,drab brown light,#dce6a0
Ariadna,1645,grey green very light,#dcebdc
Ariadna,1631,antique blue ultra light,#dcf0ff
Cosmo,798,798,#dd1f2c
Sullivans,Sullivans 45167,Orange Spice Dark,#dd2619
Sullivans,Sullivans 45430,Raspberry Medium,#dd264a
Madeira,410,Rose DK,#dd3359
Cosmo,2343,2343,#dd3b3c
Madeira,411,Pink VY DK,#dd4264
Anchor,Anchor 1002,Golden Brown Very Light,#dd7841
Cosmo,812,812,#dd90a5
Anchor,Anchor 1047,Copper Light,#dd9a6e
Anchor,Anchor 60,Cerise Ultra Very Light,#dd9cb4
DMC,3866,Mocha Brown ultra very light,#ddd1be
CXC,CXC 3866,Mocha Brown ultra very light,#ddd1be
Finca,8475,Beige Grey medium,#ddd8cb
Ariadna,1714C,mustard medium,#dde0a8
DMC,3756,Baby Blue ultra very light,#ddedf3
CXC,CXC 3756,Baby Blue ultra very light,#ddedf3
Anchor,Anchor 324,Orange Spice Medium,#de6734
Ariadna,1749,terracotta medium,#de9692
Ariadna,1768,flesh-coloured dark,#deb487
Madeira,808,Antique Mauve LT,#debbc6
Ariadna,1782A,mocha beige medium,#dec2a2
Madeira,2703,Yellow Green LT,#ded76d
Cosmo,681,681,#dee0b9
Ariadna,1714B,mustard light,#dee0ba
Cosmo,853,853,#df726a
DMC,3771,Terra Cotta ultra very light,#df9b7b
CXC,CXC 3771,Terra Cotta ultra very light,#df9b7b
Sullivans,Sullivans 45179,Tan Very Light,#dfac7b
DMC,950,Desert Sand light,#dfac93
CXC,CXC 950,Desert Sand light,#dfac93
Ariadna,1723,olive brown dark,#dfb136
Madeira,2510,Golden Yellow DK,#dfb467
Cosmo,423,423,#dfb5a0
Finca,1040,Straw dark,#dfb65f
Finca,9,,#dfca78
Sullivans,Sullivans 45194,Yellow Green Very Light,#dfe9af
DMC,3801,Christmas Red light,#e02338
CXC,CXC 3801,Christmas Red light,#e02338
Cosmo,206,206,#e02c4f
Sullivans,Sullivans 45068,Rose,#e0315c
Finca,1485,Coral medium,#e04848
DMC,351,Coral,#e04d46
CXC,CXC 351,Coral,#e04d46
Madeira,207,Orange,#e04e08
Sullivans,Sullivans 45370,Dusty Rose,#e05c83
Cosmo,1105,1105,#e06080
DMC,3733,Dusty Rose,#e06c85
CXC,CXC 3733,Dusty Rose,#e06c85
Anchor,Anchor 337,Mahogany Very Light,#e07b5e
Madeira,2713,Pink Purple Med,#e088ad
Cosmo,126A,126A,#e0a581
Anchor,Anchor 778,Flesh Very Light,#e0b49d
Madeira,1909,Beige Brown VY LT,#e0c5b7
Sullivans,Sullivans 45480,Moss Green Very Light,#e0d66d
DMC,822,Beige Grey light,#e0d6ba
CXC,CXC 822,Beige Grey light,#e0d6ba
DMC,24,White Lavender,#e0d9e4
CXC,CXC 24,White Lavender,#e0d9e4
DMC,11,Light Tender Green,#e0dc84
CXC,CXC 11,Light Tender Green,#e0dc84
Ariadna,1663,peas light,#e0ffe3
Madeira,701,Cerise LT,#e1157f
Anchor,Anchor 332,Orange Dark,#e1520e
Anchor,Anchor 54,Pink Very Dark,#e1527d
DMC,3827,Golden Brown pale,#e19858
CXC,CXC 3827,Golden Brown pale,#e19858
Cosmo,461,461,#e1a29a
Anchor,Anchor 366,Coffee Very Light,#e1c6ad
Ariadna,1607,blue violet ultra light,#e1c8fa
Ariadna,1814,steel light,#e1dcc8
Sullivans,Sullivans 45074,Coral Medium,#e2251e
Ariadna,1547,christmas red light,#e22b3c
Cosmo,838,838,#e22c33
Finca,2333,Cranberry medium,#e24874
Cosmo,343,343,#e24945
Madeira,710,Mauve VY LT,#e28cc9
Madeira,2013,Tan VY LT,#e2ad72
Cosmo,305,305,#e2c8a3
Ariadna,1541,coral medium,#e33d4e
Anchor,Anchor 1022,Dusty Rose Light,#e3818b
Anchor,Anchor 1021,Dusty Rose Very Light,#e3939b
Sullivans,Sullivans 45156,Old Gold Light,#e39f64
DMC,3821,Straw,#e3b044
CXC,CXC 3821,Straw,#e3b044
Anchor,Anchor 881,Cream Dark,#e3bb92
Finca,2687,Lavender light,#e3cbe3
Finca,3,,#e3ded1
Cosmo,2008,2008,#e3e73f
Sullivans,Sullivans 45137,Cranberry Medium,#e4276a
Sullivans,Sullivans 45295,Dusty Rose Dark,#e43f6e
DMC,3806,Cyclamen Pink light,#e45592
CXC,CXC 3806,Cyclamen Pink light,#e45592
Anchor,Anchor 925,Yellow Green Very Dark,#e45634
Cosmo,502,502,#e45bab
DMC,962,Dusty Rose medium,#e46486
CXC,CXC 962,Dusty Rose medium,#e46486
Sullivans,Sullivans 45046,Shell Pink Very Light,#e4989a
Finca,8060,Tan light,#e4bb8e
Anchor,Anchor 376,Dusty Flesh Light,#e4bdb0
Madeira,2611,Dusty Violet LT,#e4bfc9
Finca,4550,Yellow Green very light,#e4ecd4
Ariadna,1634A,pearly,#e4ecf7
Finca,7574,Orange Spice dark,#e55c1f
DMC,760,Salmon,#e5787f
CXC,CXC 760,Salmon,#e5787f
Cosmo,105,105,#e57f95
Anchor,Anchor 304,Burnt Orange,#e58300
DMC,3609,Plum ultra light,#e591ce
CXC,CXC 3609,Plum ultra light,#e591ce
DMC,3856,Mahogany ultra very light,#e5a472
CXC,CXC 3856,Mahogany ultra very light,#e5a472
Madeira,2313,Peach Flesh,#e5ab8c
Anchor,Anchor 1201,Desert Sand Light,#e5ac8d
Anchor,Anchor 880,Cream Medium,#e5c0a4
Sullivans,Sullivans 45122,Beige Brown Ultra Very Light,#e5c5af
DMC,543,Beige Brown ultra very light,#e5c7ad
CXC,CXC 543,Beige Brown ultra very light,#e5c7ad
Sullivans,Sullivans 45193,Pearl Grey Very Light,#e5e7e6
Ariadna,1621,light cornflower blue,#e5f0ff
Finca,3639,Sky Blue very light,#e5fcfd
Ariadna,1599,lilac very dark,#e6217b
Cosmo,115A,115A,#e63270
Sullivans,Sullivans 45431,Raspberry Light,#e64a6e
Sullivans,Sullivans 45362,Salmon Medium,#e64f5a
Cosmo,404,404,#e6532d
Cosmo,342,342,#e66a5a
Ariadna,1600,lilac dark,#e678b4
DMC,977,Golden Brown light,#e6833d
CXC,CXC 977,Golden Brown light,#e6833d
Sullivans,Sullivans 45190,Terra Cotta Very Light,#e6887e
Anchor,Anchor 75,Plum Light,#e68ba8
Anchor,Anchor 9575,Terracotta Light,#e68e71
Anchor,Anchor 882,Antique Mahogany Light,#e69e85
Sullivans,Sullivans 45418,Straw,#e6a047
DMC,676,Old Gold light,#e6b469
CXC,CXC 676,Old Gold light,#e6b469
Ariadna,1755,rosewood,#e6b49b
Ariadna,1722,olive brown,#e6be3c
Ariadna,1777,golden brown light,#e6cd96
Ariadna,1715,golden olive light,#e6d264
Ariadna,1806,beaver grey,#e6d7b4
Sullivans,Sullivans 45223,Beige Grey Light,#e6d9be
Ariadna,1801,olive gray ultra light,#e6e6be
Sullivans,Sullivans 45268,Copper Light,#e75339
Sullivans,Sullivans 45353,Plum Very Light,#e773ae
DMC,3354,Dusty Rose light,#e7899e
CXC,CXC 3354,Dusty Rose light,#e7899e
Cosmo,2221,2221,#e79db9
Finca,2232,Mauve medium,#e7a9ac
Anchor,Anchor 361,Tan Very Light,#e7c197
Cosmo,572,572,#e7cb98
Sullivans,Sullivans 45330,Yellow Beige Light,#e7d19c
Cosmo,1000,1000,#e7d6b6
Ariadna,1644A,beaver grey very light,#e7f0ec
DMC,606,Burnt Orange-Red,#e81820
CXC,CXC 606,Burnt Orange-Red,#e81820
Cosmo,2001,2001,#e82670
Cosmo,758,758,#e82d2a
Cosmo,205A,205A,#e8427a
Ariadna,1540,coral,#e84555
Madeira,412,Pink DK,#e84b6e
Anchor,Anchor 316,Tangerine Dark,#e86027
Anchor,Anchor 323,Orange Spice Light,#e87d4f
Madeira,303,Coral,#e87e6f
DMC,402,Mahogany very light,#e8895b
CXC,CXC 402,Mahogany very light,#e8895b
Cosmo,3185,3185,#e88f75
Ariadna,1539,coral light,#e8909d
Ariadna,1565,raspberry light,#e897a2
Madeira,2610,Antique Plum LT,#e89aa7
DMC,3779,Terra Cotta ultra very light,#e8a492
CXC,CXC 3779,Terra Cotta ultra very light,#e8a492
Cosmo,811,811,#e8acbe
Madeira,2208,Gold LT,#e8bf5f
DMC,23,Apple Blossom,#e8dadf
CXC,CXC 23,Apple Blossom,#e8dadf
Cosmo,2114,2114,#e93f82
DMC,603,Cranberry,#e94f8c
CXC,CXC 603,Cranberry,#e94f8c
Cosmo,836,836,#e95359
Anchor,Anchor 10,Coral Light,#e97c75
Sullivans,Sullivans 45347,Dusty Rose Light,#e980a0
Sullivans,Sullivans 45287,Desert Sand Light,#e9bca4
DMC,3774,Desert Sand very light,#e9bea6
CXC,CXC 3774,Desert Sand very light,#e9bea6
Anchor,Anchor 933,Dusty Flesh Very Light,#e9d6c7
Anchor,Anchor 276,Coffee Ultra Very Light,#e9debe
Madeira,1908,Beige Brown Ultra VY,#e9e0cc
Ariadna,1810,pewter grey light,#e9e1d3
Ariadna,1635B,mouse grey,#e9eff2
Cosmo,211,211,#e9f1ef
Ariadna,1691C,moss green light,#e9f78f
Anchor,Anchor 259,Laurel Green Very Light,#e9f8c7
Sullivans,Sullivans 45155,Christmas Red Bright,#ea0012
Sullivans,Sullivans 45250,Rose Medium,#ea4d79
Sullivans,Sullivans 45451,Autumn Gold Dark,#ea572c
Madeira,301,Peach Med,#ea795c
Anchor,Anchor 86,Mauve Medium Light,#ea7bce
Sullivans,Sullivans 45306,Golden Brown Light,#ea7e51
Madeira,2514,Golden Brown Med,#ea8d30
Finca,2397,Plum very light,#ea9cc4
Anchor,Anchor 311,Tangerine Very Light,#eab069
DMC,677,Old Gold very light,#eacf8e
CXC,CXC 677,Old Gold very light,#eacf8e
Cosmo,364,364,#eae9d6
Ariadna,1698A,apple green light,#eaffbf
Ariadna,1560,cranberry medium,#eb4d87
Anchor,Anchor 27,Baby Pink Dark,#eb596e
Cosmo,114,114,#eb60a7
Sullivans,Sullivans 45296,Dusty Rose Medium,#eb6182
DMC,899,Rose medium,#eb6682
CXC,CXC 899,Rose medium,#eb6682
Ariadna,1546,melon dark,#eb677d
Finca,1975,Shell Pink very light,#ebb7af
Ariadna,1748,terracotta,#ebc2b9
Cosmo,702,702,#ebc546
Anchor,Anchor 1080,Taupe Ultra Light,#ebc7a3
Cosmo,3651,3651,#ebc7c7
Ariadna,1581,antique violet very light,#ebe4e9
Ariadna,1714A,yellow beige light,#ebedca
Ariadna,1796,beige grey medium,#ebf0c8
Cosmo,757,757,#ec392b
Sullivans,Sullivans 45075,Coral,#ec3c2d
Cosmo,445A,445A,#ec3f35
Madeira,413,Pink Med,#ec6684
Anchor,Anchor 9,Coral Very Light,#ec887d
Cosmo,2341,2341,#ec916f
Sullivans,Sullivans 45496,Terra Cotta Ultra Very Light,#ec9774
Anchor,Anchor 25,Baby Pink,#ec9eae
Cosmo,2185,2185,#eca189
Ariadna,1597,light heather,#eca4c2
Madeira,107,Topaz Med,#eca500
Finca,2390,,#ecc5da
Ariadna,1587,violet ultra light,#ece1ed
Sullivans,Sullivans 45464,Mocha Brown Ultra Light,#ece3d9
Finca,7139,Pearl Grey very light,#ececec
Finca,8767,Pearl Grey very light,#ececec
Cosmo,754,754,#ed5031
Cosmo,204,204,#ed579e
Finca,1735,,#ed5c68
Ariadna,1568,cyclamen pink,#ed66b5
Finca,1314,,#ed6a4d
Cosmo,501,501,#ed8bc4
Sullivans,Sullivans 45424,Golden Brown Pale,#ed9163
Cosmo,481A,481A,#edb3d7
Sullivans,Sullivans 45283,Tawny Medium,#edc29f
Ariadna,1730A,bronze,#edc58a
DMC,739,Tan ultra very light,#edcda6
CXC,CXC 739,Tan ultra very light,#edcda6
DMC,ECRU,Ecru,#eddec4
CXC,CXC ECRU,Ecru,#eddec4
Finca,1000,,#ededea
Ariadna,1702,khaki green ultra light,#edf7d4
Ariadna,1630A,baby blue ultra light,#edfeff
DMC,3705,Melon dark,#ee3a4d
CXC,CXC 3705,Melon dark,#ee3a4d
Finca,1651,Rose,#ee546e
Cosmo,203,203,#ee68a4
Cosmo,147,147,#ee6b2f
Anchor,Anchor 31,Pink Bright Light,#ee7c8d
Madeira,414,Pink,#ee859d
Cosmo,113,113,#ee8abf
Finca,7806,Terra Cotta very light,#eeaa9b
DMC,945,Tawny medium,#eeb28f
CXC,CXC 945,Tawny medium,#eeb28f
Madeira,801,Lavender VY LT,#eec3fc
Finca,6,,#eee9b5
Sullivans,Sullivans 45379,Baby Blue Ultra Light,#eef1f0
Finca,3299,Baby Blue ultra very light,#eefcfc
Sullivans,Sullivans 45284,Burnt Orange Medium,#ef1e1f
DMC,891,Carnation dark,#ef2c46
CXC,CXC 891,Carnation dark,#ef2c46
Sullivans,Sullivans 45168,Orange Spice Medium,#ef4433
Madeira,214,Coral Med,#ef4e5a
Sullivans,Sullivans 45138,Cranberry,#ef5996
Anchor,Anchor 40,Rose,#ef708a
Sullivans,Sullivans 45191,Salmon,#ef717d
Cosmo,403,403,#ef7447
Sullivans,Sullivans 45087,Mahogany Very Light,#ef7a5f
Madeira,606,Plum VY LT,#ef90bd
Sullivans,Sullivans 45491,Golden Yellow,#ef9a39
Anchor,Anchor 74,Plum Very Light,#efa1bb
Cosmo,104,104,#efa3af
DMC,728,Golden Yellow,#efad3d
CXC,CXC 728,Golden Yellow,#efad3d
Cosmo,2480,2480,#efb7d9
Sullivans,Sullivans 45157,Old Gold Very Light,#efd39d
Anchor,Anchor 885,Yellow Beige Very Light,#efe4c7
Cosmo,444A,444A,#f05144
Cosmo,443,443,#f06051
Anchor,Anchor 66,Dusty Plum Light,#f08bbb
Ariadna,1737,brick red,#f08c28
Anchor,Anchor 36,Pink Bright Very Light,#f092a0
Ariadna,1601,lilac,#f096c8
Ariadna,1739,honey,#f0aa23
Cosmo,851,851,#f0b4ab
Ariadna,1593,plum ultra light,#f0b4d2
DMC,444,Lemon dark,#f0b900
CXC,CXC 444,Lemon dark,#f0b900
Ariadna,1533,red copper,#f0b93c
Sullivans,Sullivans 45388,Desert Sand Very Light,#f0c5b7
DMC,3822,Straw light,#f0c65f
CXC,CXC 3822,Straw light,#f0c65f
Ariadna,1575,shell pink ultra very light,#f0c9db
Anchor,Anchor 271,Baby Pink Ultra Very L,#f0cfcf
Finca,1721,,#f0d7de
Anchor,Anchor 1011,Peach Flesh Very Light,#f0dac4
Ariadna,1721,olive brown very light,#f0dc5a
Ariadna,1813,steel very light,#f0f0e6
Ariadna,1656,turquoise green ultra light,#f0fadc
Ariadna,1675,aquamarine very dark,#f0ffd2
Sullivans,Sullivans 45403,Cyclamen Pink Light,#f168a2
Cosmo,753,753,#f1734d
Madeira,504,Baby Pink Med,#f18aa1
Sullivans,Sullivans 45392,Terra Cotta Ultra Light,#f1a39c
Madeira,2301,Golden Brown VY LT,#f1a46c
Cosmo,499,499,#f1a8d0
Sullivans,Sullivans 45189,Peach Light,#f1a98d
Anchor,Anchor 291,Canary Yellow Bright,#f1b007
Anchor,Anchor 297,Golden Yellow Medium,#f1b10a
Sullivans,Sullivans 45454,Mahogany Ultra Very Light,#f1b285
Anchor,Anchor 1012,Flesh,#f1bba4
Sullivans,Sullivans 45398,Christmas Red Light,#f2122b
Madeira,611,Rose Med DK,#f24999
DMC,721,Orange Spice medium,#f25c2c
CXC,CXC 721,Orange Spice medium,#f25c2c
DMC,352,Coral light,#f27365
CXC,CXC 352,Coral light,#f27365
Finca,7567,Orange Spice medium,#f27842
Anchor,Anchor 26,Baby Pink Medium,#f27c88
Cosmo,146,146,#f27e36
Ariadna,1551,pink dark,#f2809b
Sullivans,Sullivans 45139,Cranberry Light,#f280b5
Cosmo,354,354,#f287bc
Cosmo,441,441,#f28981
Sullivans,Sullivans 45452,Autumn Gold Medium,#f28b56
DMC,3854,Autumn Gold medium,#f29347
CXC,CXC 3854,Autumn Gold medium,#f29347
Cosmo,2402,2402,#f29561
Sullivans,Sullivans 45354,Plum Ultra Light,#f29cd5
Cosmo,112,112,#f2a5cc
DMC,151,Dusty Rose very light,#f2a8ba
CXC,CXC 151,Dusty Rose very light,#f2a8ba
Anchor,Anchor 1020,Dusty Rose Ultra Very Light,#f2b7bc
Ariadna,1569A,dusty rose medium,#f2bdd1
Sullivans,Sullivans 45419,Straw Light,#f2c56c
Ariadna,1578,antique rose light,#f2c9de
Anchor,Anchor 1026,Dusty Violet Very Light,#f2d2d3
Sullivans,Sullivans 45288,Tawny Light,#f2d4b4
Anchor,Anchor 103,Purple Very Light,#f2d7ea
Sullivans,Sullivans 45180,Tan Ultra Very Light,#f2dbae
Ariadna,1721A,straw yellow,#f2e07b
Finca,8140,Beige Brown ultra very light,#f2e3ce
Ariadna,1753,rosewood ultra light,#f2e6d7
Sullivans,Sullivans 45000,Ecru,#f2e7c9
Ariadna,1746,terracotta very light,#f2e7df
Ariadna,1501,lemon ultra light,#f2efc9
Sullivans,Sullivans 45244,Carnation Dark,#f31048
Madeira,409,Rose Med,#f35c7e
Madeira,205,Tangerine VY DK,#f3631e
Madeira,308,Copper VY LT,#f37747
Anchor,Anchor 306,Gold,#f39d35
Anchor,Anchor 336,Mahogany Ultra Very Light,#f39e7e
Madeira,114,Yellow DK,#f3a618
Sullivans,Sullivans 45047,Shell Pink Ultra Very Light,#f3cccf
Finca,1010,Straw,#f3ce75
DMC,712,Cream,#f3e8d2
CXC,CXC 712,Cream,#f3e8d2
Anchor,Anchor 926,Beige Brown Ultra Very Light,#f3ecdf
Sullivans,Sullivans 45141,Burnt Orange-Red,#f40118
Sullivans,Sullivans 45246,Carnation Light,#f43767
DMC,892,Carnation medium,#f43853
CXC,CXC 892,Carnation medium,#f43853
Sullivans,Sullivans 45169,Orange Spice Light,#f47054
Sullivans,Sullivans 45076,Coral Light,#f4785f
Sullivans,Sullivans 45196,Pink Medium,#f48ca9
Sullivans,Sullivans 45338,Rose Light,#f48ca9
Sullivans,Sullivans 45364,Dusty Rose Very Light,#f48fb3
Cosmo,353,353,#f49dc7
Sullivans,Sullivans 45170,Topaz,#f4a142
Madeira,404,Salmon LT,#f4a5ad
Cosmo,833,833,#f4a5bc
Sullivans,Sullivans 45466,Dusty Rose Very Light,#f4abc1
Madeira,2309,Flesh Med,#f4ae89
Anchor,Anchor 49,Pink Light,#f4aec5
Finca,2394,Plum ultra light,#f4aed7
DMC,754,Peach light,#f4b096
CXC,CXC 754,Peach light,#f4b096
Anchor,Anchor 968,Dusty Violet Light,#f4c0c1
Cosmo,221,221,#f4c1d9
Cosmo,103A,103A,#f4c7c9
Madeira,2014,Tan Ultra VY LT,#f4c99c
Madeira,108,Topaz LT,#f4d007
Cosmo,480A,480A,#f4d6e3
Sullivans,Sullivans 45286,Peach Very Light,#f4d8c1
Cosmo,701,701,#f4d96a
Anchor,Anchor 892,Shell Pink Very Light,#f4dbcf
Madeira,9999,Ecru,#f4e6ca
Ariadna,1580A,white violet,#f4f0ff
Cosmo,100,100,#f4f4f4
Sullivans,Sullivans 45245,Carnation Medium,#f5244f
Sullivans,Sullivans 45359,Melon Dark,#f52540
Sullivans,Sullivans 45291,Geranium,#f52d72
DMC,946,Burnt Orange medium,#f53d1c
CXC,CXC 946,Burnt Orange medium,#f53d1c
Sullivans,Sullivans 45181,Tangerine,#f53d1e
Sullivans,Sullivans 45340,Apricot Medium,#f54c47
Sullivans,Sullivans 45360,Melon Medium,#f54e80
Sullivans,Sullivans 45247,Carnation Very Light,#f570a3
Sullivans,Sullivans 45292,Geranium Pale,#f572ab
Sullivans,Sullivans 45361,Melon Light,#f573a6
Sullivans,Sullivans 45302,Canary Deep,#f58324
Cosmo,752,752,#f5a080
Sullivans,Sullivans 45140,Cranberry Very Light,#f5a1cb
DMC,761,Salmon light,#f5a3a8
CXC,CXC 761,Salmon light,#f5a3a8
Sullivans,Sullivans 45192,Salmon Light,#f5a5b1
Cosmo,1402,1402,#f5a966
DMC,3689,Mauve light,#f5acc2
CXC,CXC 3689,Mauve light,#f5acc2
Sullivans,Sullivans 45358,Mauve Light,#f5aeca
Ariadna,1736,brick red very light,#f5b450
Cosmo,185A,185A,#f5bd99
Cosmo,340,340,#f5bd9a
Cosmo,2111,2111,#f5c2da
DMC,225,Shell Pink ultra very light,#f5c4bd
CXC,CXC 225,Shell Pink ultra very light,#f5c4bd
Madeira,105,Lemon VY DK,#f5c900
Madeira,501,Baby Pink VY LT,#f5d4d8
Ariadna,1747,terracotta light,#f5dfda
Ariadna,1767,flesh medium,#f5e1c3
Ariadna,1588B,lavender light,#f5e2fc
Ariadna,1720,olive brown ultra light,#f5eb78
Ariadna,1809,beige tin,#f5ebc8
Sullivans,Sullivans 45165,Cream,#f5ecce
Ariadna,1791,mocha brown ultra very light,#f5f0c8
Ariadna,1805,beaver grey light,#f5f5d2
Cosmo,2500,2500,#f5f5f5
Ariadna,1696,parrot green very light,#f5ff64
Sullivans,Sullivans 45300,Pumpkin Light,#f64430
Ariadna,1520,tangerine,#f66616
Sullivans,Sullivans 45182,Tangerine Medium,#f66b24
Anchor,Anchor 330,Orange,#f66f1e
DMC,604,Cranberry light,#f67aad
CXC,CXC 604,Cranberry light,#f67aad
Anchor,Anchor 314,Tangerine Medium,#f68033
Sullivans,Sullivans 45183,Tangerine Light,#f68b30
Sullivans,Sullivans 45422,Pumpkin Pale,#f69277
Cosmo,440,440,#f6a6a1
Cosmo,145,145,#f6a73a
Cosmo,750A,750A,#f6ac89
Sullivans,Sullivans 45077,Peach,#f6bea3
Sullivans,Sullivans 45453,Autumn Gold Light,#f6c084
Cosmo,402,402,#f6c28b
Sullivans,Sullivans 45363,Salmon Very Light,#f6c3cc
Cosmo,341,341,#f6cca7
Anchor,Anchor 295,Golden Yellow Medium Light,#f6ce42
Madeira,109,Topaz VY LT,#f6da3e
Madeira,2205,Old Gold VY LT,#f6de9f
Madeira,110,Topaz Ultra VY LT,#f6e37b
Cosmo,700,700,#f6e47b
Cosmo,299,299,#f6ef72
Cosmo,2299,2299,#f6f054
Sullivans,Sullivans 45285,Burnt Orange,#f71d1d
Madeira,204,Tangerine DK,#f7722a
Sullivans,Sullivans 45341,Apricot,#f7746f
DMC,3326,Rose light (776),#f793a6
CXC,CXC 3326,Rose light (776),#f793a6
Anchor,Anchor 313,Tangerine Light,#f79759
Sullivans,Sullivans 45421,Apricot Light,#f79c97
Anchor,Anchor 298,Golden Yellow Dark,#f7a613
Finca,7636,Mahogany very light,#f7a777
Ariadna,1515,orange light,#f7ac2b
Sullivans,Sullivans 45184,Yellow Medium,#f7b751
Finca,7720,Golden Brown pale,#f7bb77
Anchor,Anchor 891,Old Gold Light,#f7c168
Sullivans,Sullivans 45297,Dusty Rose Ultra Very Light,#f7c3d7
Ariadna,1514,orange very light,#f7c733
Sullivans,Sullivans 45099,Lemon Dark,#f7c91b
Finca,1301,Peach light,#f7cbbf
DMC,951,Tawny light,#f7cea9
CXC,CXC 951,Tawny light,#f7cea9
DMC,20,Shrimp,#f7d1b3
CXC,CXC 20,Shrimp,#f7d1b3
Sullivans,Sullivans 45220,Baby Pink,#f7d2dc
Sullivans,Sullivans 45303,Canary Bright,#f7d529
Cosmo,220,220,#f7dbe2
DMC,445,Lemon light,#f7f57a
CXC,CXC 445,Lemon light,#f7f57a
DMC,3865,Winter White,#f7f7f0
CXC,CXC 3865,Winter White,#f7f7f0
Cosmo,500,500,#f7f7f7
Sullivans,Sullivans 45142,Burnt Orange,#f80e1f
Cosmo,144A,144A,#f8c354
Sullivans,Sullivans 45495,Apricot Very Light,#f8c4c3
Sullivans,Sullivans 45171,Topaz Light,#f8d251
Cosmo,832,832,#f8d2dd
Sullivans,Sullivans 45185,Yellow Pale,#f8d679
Anchor,Anchor 293,Golden Yellow Light,#f8d86c
Cosmo,102,102,#f8dfd7
Cosmo,351,351,#f8dfd8
Finca,4000,Tan ultra very light,#f8e4c8
Cosmo,3299,3299,#f8e524
Madeira,103,Lemon Med,#f8ef7d
Madeira,111,Yellow VY LT,#f8f1cc
DMC,956,Geranium,#f94472
CXC,CXC 956,Geranium,#f94472
Anchor,Anchor 55,Pink Mauve Light,#f99cc8
Finca,1140,,#f9af53
DMC,3855,Autumn Gold light,#f9c170
CXC,CXC 3855,Autumn Gold light,#f9c170
Madeira,113,Yellow Med,#f9c345
Cosmo,352,352,#f9d1df
Cosmo,111,111,#f9e5e9
Sullivans,Sullivans 45186,Yellow Light Pale,#f9e9a4
Cosmo,101,101,#f9e9de
Madeira,112,Yellow LT,#f9eb8c
Sullivans,Sullivans 45051,Lemon,#f9ee33
Sullivans,Sullivans 45172,Topaz Very Light,#f9f084
Sullivans,Sullivans 45385,Tawny Very Light,#f9f0e4
Sullivans,Sullivans 45420,Yellow Ultra Pale,#f9f2ca
Sullivans,Sullivans 45187,Off White,#f9f7da
Finca,1163,Burnt Orange-Red,#fa3203
Anchor,Anchor 33,Pink Bright,#fa7995
Sullivans,Sullivans 45301,Pumpkin,#fa8500
Ariadna,1517,orange dark,#fa8722
Ariadna,1519,tangerine light,#fa8c46
Ariadna,1527,apricot,#fa8c46
Madeira,201,Tangerine LT,#fa8d52
Cosmo,852,852,#fa978f
Ariadna,1518,tangerine very light,#faa046
Ariadna,1538,salmon dark,#faae9f
Madeira,106,Canary Yellow Bright,#fabe20
Ariadna,1598,heather very light,#fabedc
Ariadna,1726,old gold medium,#facd28
Cosmo,302,302,#fad532
Ariadna,1506,lemon ultra dark,#fadc28
Cosmo,143,143,#fae376
Anchor,Anchor 289,Lemon Medium,#fae555
Ariadna,1766,flesh-coloured,#fae6c8
Ariadna,1754,rosewood light,#fae6d2
DMC,3078,Golden Yellow very light,#faeb97
CXC,CXC 3078,Golden Yellow very light,#faeb97
Cosmo,300,300,#faec4d
Ariadna,1505,lemon very dark,#faf000
Ariadna,1776,golden brown light,#faf0c8
DMC,746,Off White,#faf1c7
CXC,CXC 746,Off White,#faf1c7
Sullivans,Sullivans 45221,Baby Pink Light,#faf2e7
Cosmo,140,140,#faf3d5
Anchor,Anchor 386,Yellow Ultra Very Light,#faf4c9
Cosmo,2297,2297,#faf585
Sullivans,Sullivans 45336,Golden Yellow Very Light,#faf5a1
Cosmo,297,297,#faf5b0
Ariadna,1790,ecru,#faf5d2
Ariadna,1745,terracotta ultra light,#faf6f0
Ariadna,1507,pastel yellow ultra light,#faf8f0
Ariadna,1504,lemon dark,#fafa00
Ariadna,1509,pastel yellow,#fafa32
Anchor,Anchor 2,White,#fafafa
DMC,B5200,Snow White,#fafaff
CXC,CXC B5200,Snow White,#fafaff
Ariadna,1695,parrot green ultra light,#faffa1
DMC,893,Carnation light,#fb4d6d
CXC,CXC 893,Carnation light,#fb4d6d
Anchor,Anchor 329,Peach Dark,#fb7846
Madeira,203,Tangerine Med,#fb7a34
Anchor,Anchor 328,Peach Medium,#fb8366
Anchor,Anchor 24,Baby Pink Light,#fba8ab
Finca,2147,Mauve light,#fbbfc2
Ariadna,1526A,pumpkin pale,#fbd0ad
Madeira,104,Lemon DK,#fbd628
Cosmo,2301,2301,#fbd821
DMC,307,Lemon,#fbde18
CXC,CXC 307,Lemon,#fbde18
Cosmo,301,301,#fbe339
Cosmo,142,142,#fbed9a
Ariadna,1587A,white lavender,#fbf0ff
Cosmo,298,298,#fbf183
Cosmo,141,141,#fbf6c7
Cosmo,3297,3297,#fbf8a4
Ariadna,1708,faded olive,#fbfab4
Sullivans,Sullivans 45463,Winter White,#fbfbfa
Sullivans,Sullivans 45100,Lemon Light,#fbfd92
Finca,1,White,#fbffff
DMC,971,Pumpkin,#fc670d
CXC,CXC 971,Pumpkin,#fc670d
Anchor,Anchor 52,Pink Dark,#fc7da3
Madeira,2707,Bright Pink LT,#fc8090
Madeira,612,Rose Med LT,#fc86bf
Finca,1742,Carnation light,#fc90a2
Madeira,302,Peach LT,#fc9279
Anchor,Anchor 1094,Pink Medium Light,#fc9ec5
Madeira,2307,Mahogany VY LT,#fca56c
DMC,776,Pink Medium,#fca8ad
CXC,CXC 776,Pink Medium,#fca8ad
Finca,1307,Apricot,#fcab98
Finca,1645,Pink medium,#fcb0b9
DMC,725,Topaz,#fcba40
CXC,CXC 725,Topaz,#fcba40
Ariadna,1558,cranberry ultra light,#fcbdd0
Anchor,Anchor 290,Lemon Dark,#fcc318
Madeira,814,Shell Pink LT,#fcc4ce
Ariadna,1536,salmon light,#fcd7d3
Anchor,Anchor 300,Yellow Very Light,#fce6ab
Ariadna,1782B,beige brown ultra light,#fcf3e8
Finca,7128,Off White,#fcfcee
Cosmo,110,110,#fcfcf2
DMC,BLANC,White,#fcfcfc
Sullivans,Sullivans 45001,White,#fcfcfc
Sullivans,Sullivans 45002,Snow White,#fcfcfc
CXC,CXC BLANC,White,#fcfcfc
Madeira,2708,Bright Pink Med,#fd475e
Finca,1325,Burnt Orange,#fd5d35
Madeira,408,Rose,#fd85a0
Madeira,614,Rose VY LT,#fd94d1
Finca,1474,Coral light,#fd9c97
Madeira,2513,Golden Brown Bright,#fda761
Anchor,Anchor 8,Peach Light,#fdac90
Madeira,2509,Golden Yellow Bright,#fdb85c
Anchor,Anchor 48,Pink Very Light,#fdbcd1
Anchor,Anchor 305,Topaz Very Light,#fdc868
Anchor,Anchor 23,Baby Pink Very Light,#fdc8c9
Madeira,306,Coral Ultra VY LT,#fdd1ca
DMC,948,Peach very light,#fdd5c1
CXC,CXC 948,Peach very light,#fdd5c1
Finca,1222,Lemon,#fded54
Ariadna,1535A,baby pink light,#fdf7f9
Finca,1214,Golden Yellow very light,#fdf9cd
Madeira,102,Lemon LT,#fdfbad
Ariadna,1500A,winter white,#fdfbf8
DMC,3716,Dusty Rose very light,#fe97af
CXC,CXC 3716,Dusty Rose very light,#fe97af
DMC,605,Cranberry very light,#fe98c1
CXC,CXC 605,Cranberry very light,#fe98c1
DMC,353,Peach,#fea693
CXC,CXC 353,Peach,#fea693
Finca,1468,Peach,#fed7cc
DMC,3823,Yellow ultra pale,#feedb4
CXC,CXC 3823,Yellow ultra pale,#feedb4
DMC,608,Burnt Orange,#ff4225
CXC,CXC 608,Burnt Orange,#ff4225
DMC,947,Burnt Orange,#ff4a1b
CXC,CXC 947,Burnt Orange,#ff4a1b
Finca,1895,Carnation dark,#ff5773
DMC,3706,Melon medium,#ff6175
CXC,CXC 3706,Melon medium,#ff6175
Ariadna,1523,bright orange medium,#ff6400
Ariadna,1521,tangerine dark,#ff6424
DMC,970,Pumpkin light,#ff6624
CXC,CXC 970,Pumpkin light,#ff6624
DMC,3340,Apricot medium,#ff6647
CXC,CXC 3340,Apricot medium,#ff6647
Ariadna,1552,pink ultra dark,#ff668a
DMC,740,Tangerine (971),#ff6c1b
CXC,CXC 740,Tangerine (971),#ff6c1b
Ariadna,1522,bright orange,#ff6e1f
Finca,1889,Carnation medium,#ff798c
DMC,894,Carnation very light,#ff7c9a
CXC,CXC 894,Carnation very light,#ff7c9a
DMC,957,Geranium pale,#ff7ca2
CXC,CXC 957,Geranium pale,#ff7ca2
Madeira,202,Tangerine,#ff803d
DMC,3341,Apricot,#ff8166
CXC,CXC 3341,Apricot,#ff8166
DMC,722,Orange Spice light,#ff824a
CXC,CXC 722,Orange Spice light,#ff824a
Madeira,307,Copper Ultra VY LT,#ff8457
DMC,741,Tangerine medium,#ff8820
CXC,CXC 741,Tangerine medium,#ff8820
DMC,3708,Melon light,#ff889e
CXC,CXC 3708,Melon light,#ff889e
Ariadna,1562,cranberry,#ff8aa3
Finca,1237,Tangerine,#ff8b00
Anchor,Anchor 303,Burnt Orange Medium,#ff9413
Ariadna,1516,orange,#ff9600
Ariadna,1559,cranberry light,#ff99b8
DMC,3825,Pumpkin pale,#ff9a63
CXC,CXC 3825,Pumpkin pale,#ff9a63
Anchor,Anchor 50,Pink,#ff9fbc
Ariadna,1511,pastel yellow ultra dark,#ffa028
Finca,1152,Tangerine medium,#ffa32b
DMC,972,Canary deep,#ffa400
CXC,CXC 972,Canary deep,#ffa400
Madeira,304,Coral LT,#ffa497
Finca,2323,Cranberry,#ffa4be
Madeira,613,Rose LT,#ffa4d7
DMC,742,Tangerine light,#ffa523
CXC,CXC 742,Tangerine light,#ffa523
DMC,3824,Apricot light,#ffa58d
CXC,CXC 3824,Apricot light,#ffa58d
Ariadna,1567,cyclamen pink light,#ffa6da
Madeira,2503,Bright Terracotta LT,#ffa792
Madeira,607,Plum Ultra VY LT,#ffabd2
Anchor,Anchor 85,Mauve Very Light,#fface9
Madeira,2605,Peach VY LT,#ffad99
Madeira,503,Baby Pink Med LT,#ffafbb
Finca,2314,Cranberry light,#ffb0be
Finca,1729,Carnation very light,#ffb2bb
Ariadna,1550,pink,#ffb2d0
Ariadna,1602,light lilac,#ffb4dc
Anchor,Anchor 302,Burnt Orange Light,#ffb552
Ariadna,1545,melon medium,#ffb5c9
DMC,963,Dusty Rose ultra very light,#ffbac4
CXC,CXC 963,Dusty Rose ultra very light,#ffbac4
Ariadna,1727,old gold,#ffbe41
DMC,967,Apricot very light,#ffbea9
CXC,CXC 967,Apricot very light,#ffbea9
Madeira,305,Coral VY LT,#ffbeb5
Finca,1232,Tangerine light,#ffbf57
Madeira,2712,Pink Purple LT,#ffbfd9
Ariadna,1510,pastel yellow,#ffc002
Finca,2307,Cranberry very light,#ffc0cd
Anchor,Anchor 6,Peach Very Light,#ffc2b1
Madeira,608,Plum VY Pale,#ffc3df
Madeira,502,Baby Pink LT,#ffc4ce
Ariadna,1564,raspberry ultra light,#ffc4dc
Anchor,Anchor 73,Plum Ultra Very Light,#ffc5d7
DMC,3713,Salmon very light,#ffc7c7
CXC,CXC 3713,Salmon very light,#ffc7c7
Finca,1062,Topaz,#ffc840
DMC,743,Yellow medium,#ffc847
CXC,CXC 743,Yellow medium,#ffc847
Madeira,2308,Flesh LT,#ffc9ae
Ariadna,1566A,cranberry white,#ffcce0
Anchor,Anchor 301,Burnt Orange Very Light,#ffcd7c
DMC,973,Canary bright,#ffcf00
CXC,CXC 973,Canary bright,#ffcf00
Ariadna,1544,melon,#ffcfd4
DMC,818,Baby Pink,#ffd0d2
CXC,CXC 818,Baby Pink,#ffd0d2
Ariadna,1555B,salmon pink,#ffd1d1
Ariadna,1526,apricot light,#ffd28c
DMC,726,Topaz light,#ffd447
CXC,CXC 726,Topaz light,#ffd447
Finca,1227,Lemon dark,#ffd600
Finca,1724,Dusty Rose ultra very light,#ffd7d7
Anchor,Anchor 1010,Copper Very Light,#ffdabb
Ariadna,1537,pink,#ffdbc9
Ariadna,1532,red copper light,#ffdc8c
Ariadna,1603,lilac very light,#ffdce6
Madeira,2512,Golden Brown LT,#ffdda4
DMC,744,Yellow pale,#ffde7a
CXC,CXC 744,Yellow pale,#ffde7a
DMC,819,Baby Pink light,#ffdeda
CXC,CXC 819,Baby Pink light,#ffdeda
Ariadna,1549,pink light,#ffdeef
DMC,745,Yellow light pale,#ffdf89
CXC,CXC 745,Yellow light pale,#ffdf89
Finca,1969,Shell Pink ultra very light,#ffdfd7
Finca,1637,Baby Pink,#ffdfd9
Madeira,2207,Gold VY LT,#ffe2a0
Anchor,Anchor 1009,Cream,#ffe3c7
Ariadna,1543,melon light,#ffe3ef
DMC,727,Topaz very light,#ffe471
CXC,CXC 727,Topaz very light,#ffe471
Ariadna,1555A,salmon pink light,#ffe5e5
Ariadna,1735,brick red ultra light,#ffe682
Ariadna,1725A,old gold light,#ffe6a3
DMC,3770,Tawny very light,#ffe6c9
CXC,CXC 3770,Tawny very light,#ffe6c9
Finca,1137,Yellow pale,#ffe793
Anchor,Anchor 292,Golden Brown Very Light,#ffe88f
Finca,1134,Yellow light pale,#ffe9ad
Ariadna,1525,apricot very light,#ffeee0
Finca,7933,Tawny very light,#ffeee3
Finca,1464,Baby Pink light,#ffeeeb
Ariadna,1513,sunny light,#fff08c
Ariadna,1531,red copper very light,#fff0b4
Ariadna,1577A,apple blossom,#fff0f6
Finca,1220,Topaz very light,#fff1af
Madeira,2511,Golden Yellow LT,#fff1b4
Anchor,Anchor 288,Lemon Light,#fff472
Madeira,2101,Cream,#fff4e0
Ariadna,1709,olive green very light,#fff55a
Ariadna,1730,old gold ultra light,#fff5aa
Ariadna,1524,apricot ultra light,#fff5c8
Anchor,Anchor 275,Off White,#fff8ce
Ariadna,1508,pastel yellow light,#fffaaa
Finca,1217,Lemon light,#fffb8b
Finca,3000,Cream,#fffbef
Finca,1211,Yellow ultra pale,#fffde3
Ariadna,1691B,tender green light,#fffeba
Ariadna,1503,lemon,#ffff62
Ariadna,1512,sunny ultra light,#ffff94
Ariadna,1502,lemon light,#ffff9f
Ariadna,1690,avocado green ultra light,#ffffb4
Ariadna,1683,green ultra light,#ffffc8
Madeira,101,Lemon VY LT,#ffffd9
Ariadna,1795,gray beige,#ffffdc
Ariadna,1765,flesh-coloured light,#ffffe6
Ariadna,1775,golden brown ultra light,#ffffe6
Anchor,Anchor 1,White Bright,#ffffff
Ariadna,1500,white,#ffffff
Madeira,9998,White,#ffffff